,FeatureRatio,TopTFs,AbsCor,Nodes,Interactions,PosInt,Connected,Transitivity,MeanDistance,DupStatus,SimIdx,ClusterA,ClusterB,Accuracy,Accuracy_sd,KLdist,ClusterA2,ClusterB2,AvgDist,flexibility,maxSigval.Netact,maxSigval.MARINa,minSigval.RI
0.09-32-0.85,0.09,32,0.85, 29,102, 53,1,0.314, 9.63,FALSE,0.09-32-0.85,0.2443,0.6915,0.928,0.00463,0.164,-0.186, 3.31e-01,0.00893,0.0372,0.0539,0.01503,0.000368
0.07-36-0.85,0.07,36,0.85, 32,108, 55,1,0.283,11.56,FALSE,0.07-36-0.85,0.2121,0.7199,0.919,0.00453,0.206,-0.192, 3.73e-01,0.00822,0.0313,0.0676,0.01503,0.000368
0.07-32-0.75,0.07,32,0.75, 52,165, 87,1,0.232,19.49,FALSE,0.07-32-0.75,0.2521,0.6894,0.943,0.00277,0.155,-0.184, 3.28e-01,0.00609,0.0280,0.0539,0.01503,0.000529
0.07-32-0,0.07,32,0.00, 58,176, 97,1,0.211,24.31,FALSE,0.07-32-0,0.2507,0.6949,0.947,0.00224,0.158,-0.185, 3.36e-01,0.00636,0.0275,0.0539,0.01503,0.000529
0.08-28-0.55,0.08,28,0.55, 53,168, 92,1,0.227,20.47,FALSE,0.08-28-0.55,0.2553,0.6891,0.944,0.00243,0.152,-0.183, 3.27e-01,0.00630,0.0270,0.0384,0.01503,0.000529
0.16-28-0.85,0.16,28,0.85, 22, 75, 42,1,0.367, 8.40,FALSE,0.16-28-0.85,0.2595,0.6574,0.918,0.00522,0.145,-0.182, 2.81e-01,0.00934,0.0486,0.0307,0.01503,0.000529
0.08-32-0.4,0.08,32,0.40, 61,187,104,1,0.205,23.17,FALSE,0.08-32-0.4,0.2564,0.6895,0.943,0.00289,0.152,-0.183, 3.28e-01,0.00747,0.0250,0.0539,0.02324,0.000380
0.06-32-0.25,0.06,32,0.25, 60,181,101,1,0.207,26.22,FALSE,0.06-32-0.25,0.2448,0.7037,0.947,0.00179,0.167,-0.186, 3.49e-01,0.00668,0.0246,0.0539,0.01503,0.000529
0.07-44-0.85,0.07,44,0.85, 39,145, 78,1,0.268,10.82,FALSE,0.07-44-0.85,0.2392,0.6803,0.918,0.00378,0.169,-0.187, 3.14e-01,0.00700,0.0298,0.0955,0.02765,0.000316
0.09-32-0.75,0.09,32,0.75, 56,178, 98,1,0.218,17.72,FALSE,0.09-32-0.75,0.2476,0.6853,0.931,0.00385,0.159,-0.186, 3.22e-01,0.00743,0.0240,0.0539,0.02509,0.000368
0.07-40-0.85,0.07,40,0.85, 35,121, 64,1,0.272,11.66,FALSE,0.07-40-0.85,0.2286,0.6845,0.915,0.00554,0.183,-0.190, 3.21e-01,0.00807,0.0309,0.0815,0.01503,0.000362
0.12-24-0.65,0.12,24,0.65, 47,139, 80,1,0.230,18.32,FALSE,0.12-24-0.65,0.2192,0.6966,0.911,0.00520,0.195,-0.191, 3.38e-01,0.00836,0.0294,0.0269,0.01503,0.000529
0.09-32-0.7,0.09,32,0.70, 57,181,100,1,0.212,18.67,FALSE,0.09-32-0.7,0.2439,0.6885,0.930,0.00351,0.164,-0.186, 3.26e-01,0.00755,0.0237,0.0539,0.02509,0.000368
0.09-28-0.85,0.09,28,0.85, 28, 99, 51,1,0.319, 9.59,FALSE,0.09-28-0.85,0.2325,0.6787,0.912,0.00517,0.179,-0.189, 3.12e-01,0.00863,0.0312,0.0307,0.01503,0.000529
0.05-60-0.85,0.05,60,0.85, 53,230,127,1,0.263, 9.34,FALSE,0.05-60-0.85,0.2268,0.6983,0.924,0.00303,0.185,-0.190, 3.41e-01,0.00644,0.0249,0.1481,0.05730,0.000316
0.09-28-0.45,0.09,28,0.45, 55,173, 96,1,0.223,19.64,FALSE,0.09-28-0.45,0.2484,0.6826,0.928,0.00409,0.158,-0.185, 3.18e-01,0.00757,0.0228,0.0384,0.01956,0.000529
0.12-28-0.7,0.12,28,0.70, 53,167, 92,1,0.218,18.27,FALSE,0.12-28-0.7,0.2356,0.6852,0.915,0.00463,0.174,-0.188, 3.22e-01,0.00793,0.0257,0.0384,0.02506,0.000380
0.08-32-0.3,0.08,32,0.30, 62,188,105,1,0.202,24.13,FALSE,0.08-32-0.3,0.2522,0.6834,0.938,0.00279,0.154,-0.184, 3.19e-01,0.00742,0.0224,0.0539,0.02324,0.000380
0.08-28-0.85,0.08,28,0.85, 32,110, 60,1,0.308,11.53,FALSE,0.08-28-0.85,0.2206,0.6864,0.914,0.00517,0.195,-0.191, 3.23e-01,0.00895,0.0320,0.0307,0.01503,0.000529
0.06-56-0.85,0.06,56,0.85, 45,200,110,1,0.284, 9.09,FALSE,0.06-56-0.85,0.2272,0.6950,0.929,0.00241,0.184,-0.190, 3.36e-01,0.00627,0.0251,0.1292,0.05730,0.000285
0.08-28-0.7,0.08,28,0.70, 50,158, 85,1,0.235,18.72,FALSE,0.08-28-0.7,0.2472,0.6900,0.937,0.00315,0.160,-0.186, 3.29e-01,0.00636,0.0222,0.0384,0.01503,0.000529
0.09-28-0.7,0.09,28,0.70, 51,162, 88,1,0.235,16.92,FALSE,0.09-28-0.7,0.2486,0.6654,0.919,0.00373,0.158,-0.185, 2.93e-01,0.00722,0.0274,0.0384,0.01956,0.000529
0.08-32-0.55,0.08,32,0.55, 59,184,101,1,0.210,21.33,FALSE,0.08-32-0.55,0.2422,0.6993,0.938,0.00306,0.168,-0.187, 3.42e-01,0.00731,0.0219,0.0539,0.02324,0.000380
0.09-28-0.75,0.09,28,0.75, 50,159, 86,1,0.243,15.97,FALSE,0.09-28-0.75,0.2454,0.6702,0.918,0.00384,0.162,-0.186, 3.00e-01,0.00718,0.0265,0.0384,0.01956,0.000529
0.09-36-0.75,0.09,36,0.75, 61,206,116,1,0.205,14.19,FALSE,0.09-36-0.75,0.2089,0.7174,0.918,0.00428,0.210,-0.192, 3.70e-01,0.00788,0.0235,0.0676,0.02765,0.000362
0.1-32-0.45,0.10,32,0.45, 61,188,106,1,0.205,22.37,FALSE,0.1-32-0.45,0.2327,0.6958,0.924,0.00383,0.177,-0.189, 3.37e-01,0.00793,0.0225,0.0539,0.02509,0.000368
0.06-32-0.4,0.06,32,0.40, 59,180,100,1,0.211,25.24,FALSE,0.06-32-0.4,0.2458,0.7000,0.947,0.00191,0.164,-0.186, 3.43e-01,0.00638,0.0211,0.0539,0.01503,0.000529
0.09-36-0.7,0.09,36,0.70, 64,212,120,1,0.197,17.04,FALSE,0.09-36-0.7,0.2055,0.7095,0.919,0.00425,0.215,-0.192, 3.58e-01,0.00757,0.0261,0.0676,0.02765,0.000345
0.09-32-0.45,0.09,32,0.45, 61,192,108,1,0.202,21.38,FALSE,0.09-32-0.45,0.2406,0.6877,0.931,0.00346,0.167,-0.187, 3.25e-01,0.00777,0.0221,0.0539,0.02509,0.000368
0.12-24-0,0.12,24,0.00, 48,140, 81,1,0.225,19.27,FALSE,0.12-24-0,0.2143,0.6902,0.906,0.00496,0.204,-0.192, 3.29e-01,0.00849,0.0299,0.0269,0.01503,0.000529
0.16-28-0.75,0.16,28,0.75, 49,154, 85,1,0.229,16.55,FALSE,0.16-28-0.75,0.2456,0.6650,0.908,0.00485,0.162,-0.186, 2.92e-01,0.00783,0.0265,0.0384,0.02645,0.000380
0.07-36-0.75,0.07,36,0.75, 60,197,108,1,0.202,15.90,FALSE,0.07-36-0.75,0.2127,0.7090,0.921,0.00412,0.204,-0.192, 3.57e-01,0.00763,0.0232,0.0676,0.02506,0.000368
0.05-32-0.2,0.05,32,0.20, 56,159, 99,1,0.213,26.77,FALSE,0.05-32-0.2,0.2077,0.7098,0.911,0.00535,0.211,-0.192, 3.58e-01,0.00943,0.0239,0.0539,0.01281,0.000637
0.06-32-0.8,0.06,32,0.80, 41,139, 76,1,0.269,14.55,FALSE,0.06-32-0.8,0.2309,0.6790,0.910,0.00566,0.181,-0.189, 3.12e-01,0.00729,0.0254,0.0539,0.01503,0.000529
0.12-24-0.75,0.12,24,0.75, 43,131, 73,1,0.250,15.41,FALSE,0.12-24-0.75,0.2185,0.6866,0.902,0.00515,0.198,-0.191, 3.24e-01,0.00812,0.0271,0.0269,0.01503,0.000529
0.08-44-0.65,0.08,44,0.65, 84,279,162,1,0.183,23.07,FALSE,0.08-44-0.65,0.1978,0.7403,0.938,0.00218,0.228,-0.193, 4.05e-01,0.00646,0.0202,0.1008,0.03993,0.000285
0.08-36-0.3,0.08,36,0.30, 70,226,130,1,0.182,18.14,FALSE,0.08-36-0.3,0.2058,0.7271,0.933,0.00280,0.215,-0.192, 3.84e-01,0.00727,0.0204,0.0676,0.02645,0.000346
0.06-36-0.65,0.06,36,0.65, 63,201,113,1,0.195,19.63,FALSE,0.06-36-0.65,0.2078,0.7068,0.913,0.00419,0.211,-0.192, 3.54e-01,0.00776,0.0240,0.0676,0.02324,0.000412
0.2-28-0.75,0.20,28,0.75, 49,160, 92,1,0.221,13.19,FALSE,0.2-28-0.75,0.2487,0.6580,0.913,0.00438,0.160,-0.185, 2.82e-01,0.00735,0.0263,0.0384,0.02645,0.000341
0.08-36-0.7,0.08,36,0.70, 63,207,115,1,0.194,17.03,FALSE,0.08-36-0.7,0.2085,0.7169,0.927,0.00411,0.210,-0.192, 3.69e-01,0.00711,0.0213,0.0676,0.02645,0.000346
0.1-44-0.75,0.10,44,0.75, 78,300,174,1,0.193,15.35,FALSE,0.1-44-0.75,0.2147,0.7142,0.928,0.00325,0.202,-0.191, 3.65e-01,0.00675,0.0206,0.1008,0.05730,0.000284
0.08-44-0.85,0.08,44,0.85, 42,161, 91,1,0.266, 9.13,FALSE,0.08-44-0.85,0.2192,0.6899,0.911,0.00392,0.196,-0.191, 3.28e-01,0.00774,0.0247,0.0955,0.02765,0.000316
0.16-24-0.85,0.16,24,0.85, 20, 67, 39,1,0.394, 7.43,FALSE,0.16-24-0.85,0.2457,0.6392,0.885,0.00882,0.171,-0.186, 2.56e-01,0.01073,0.0537,0.0251,0.01503,0.000529
0.12-32-0.8,0.12,32,0.80, 45,153, 85,1,0.249, 9.45,FALSE,0.12-32-0.8,0.2292,0.6670,0.897,0.00553,0.186,-0.189, 2.95e-01,0.00833,0.0290,0.0539,0.02645,0.000362
0.09-48-0.7,0.09,48,0.70, 87,332,196,1,0.177,19.12,FALSE,0.09-48-0.7,0.2025,0.7284,0.928,0.00280,0.220,-0.192, 3.86e-01,0.00678,0.0201,0.1118,0.08504,0.000284
0.05-40-0,0.05,40,0.00, 75,233,138,1,0.175,26.46,FALSE,0.05-40-0,0.2093,0.7130,0.923,0.00326,0.209,-0.192, 3.63e-01,0.00738,0.0215,0.0872,0.02324,0.000529
0.16-40-0.85,0.16,40,0.85, 31,123, 68,1,0.307, 9.64,FALSE,0.16-40-0.85,0.2182,0.6749,0.886,0.00571,0.202,-0.191, 3.06e-01,0.00877,0.0313,0.0869,0.05730,0.000316
0.07-44-0,0.07,44,0.00, 86,284,169,1,0.181,21.48,FALSE,0.07-44-0,0.1916,0.7420,0.935,0.00273,0.237,-0.193, 4.07e-01,0.00679,0.0194,0.1008,0.02875,0.000316
0.1-44-0.7,0.10,44,0.70, 81,309,181,1,0.186,16.35,FALSE,0.1-44-0.7,0.2059,0.7189,0.928,0.00248,0.214,-0.192, 3.72e-01,0.00662,0.0206,0.1008,0.05730,0.000284
0.09-52-0.85,0.09,52,0.85, 46,202,115,1,0.264, 9.97,FALSE,0.09-52-0.85,0.1787,0.7154,0.892,0.00594,0.259,-0.192, 3.67e-01,0.00899,0.0282,0.1256,0.11194,0.000221
0.1-28-0.75,0.10,28,0.75, 50,157, 85,1,0.244,15.99,FALSE,0.1-28-0.75,0.2441,0.6598,0.894,0.00533,0.166,-0.186, 2.85e-01,0.00773,0.0250,0.0384,0.01956,0.000412
0.06-36-0.25,0.06,36,0.25, 66,204,116,1,0.189,22.48,FALSE,0.06-36-0.25,0.2105,0.7116,0.921,0.00398,0.207,-0.192, 3.61e-01,0.00801,0.0210,0.0676,0.02324,0.000412
0.14-60-0.85,0.14,60,0.85, 59,256,143,1,0.245,12.10,FALSE,0.14-60-0.85,0.2122,0.6896,0.897,0.00357,0.207,-0.192, 3.28e-01,0.00785,0.0254,0.1481,0.30966,0.000147
0.2-32-0,0.20,32,0.00, 62,192,114,1,0.190,18.20,FALSE,0.2-32-0,0.2070,0.7023,0.900,0.00482,0.213,-0.192, 3.47e-01,0.00824,0.0233,0.0539,0.02765,0.000284
0.08-48-0.85,0.08,48,0.85, 46,194,111,1,0.261,10.06,FALSE,0.08-48-0.85,0.2321,0.6878,0.914,0.00429,0.178,-0.189, 3.25e-01,0.00778,0.0211,0.1118,0.05730,0.000316
0.08-40-0.3,0.08,40,0.30, 78,253,149,1,0.181,21.11,FALSE,0.08-40-0.3,0.1948,0.7342,0.933,0.00256,0.231,-0.193, 3.95e-01,0.00711,0.0195,0.0872,0.02860,0.000316
0.2-28-0.4,0.20,28,0.40, 57,177,103,1,0.198,15.29,FALSE,0.2-28-0.4,0.2269,0.6929,0.910,0.00474,0.185,-0.190, 3.33e-01,0.00805,0.0210,0.0384,0.02645,0.000341
0.06-52-0.85,0.06,52,0.85, 42,180,102,1,0.294, 8.11,FALSE,0.06-52-0.85,0.1994,0.7096,0.912,0.00399,0.224,-0.193, 3.58e-01,0.00734,0.0230,0.1256,0.05567,0.000316
0.08-40-0.85,0.08,40,0.85, 39,141, 80,1,0.269,10.05,FALSE,0.08-40-0.85,0.2136,0.6849,0.895,0.00714,0.206,-0.192, 3.21e-01,0.00903,0.0255,0.0815,0.02765,0.000316
0.09-44-0.75,0.09,44,0.75, 77,301,173,1,0.193,14.37,FALSE,0.09-44-0.75,0.2147,0.7111,0.924,0.00237,0.201,-0.191, 3.60e-01,0.00664,0.0200,0.1000,0.05730,0.000284
0.08-28-0.8,0.08,28,0.80, 40,134, 74,1,0.273,14.59,FALSE,0.08-28-0.8,0.2348,0.6653,0.895,0.00570,0.178,-0.188, 2.93e-01,0.00791,0.0250,0.0384,0.01503,0.000529
0.07-48-0.75,0.07,48,0.75, 81,277,160,1,0.188,16.65,FALSE,0.07-48-0.75,0.1910,0.7436,0.932,0.00238,0.238,-0.193, 4.10e-01,0.00662,0.0185,0.1118,0.03993,0.000285
0.07-52-0,0.07,52,0.00,100,378,226,1,0.173,22.51,FALSE,0.07-52-0,0.1821,0.7562,0.931,0.00324,0.253,-0.192, 4.29e-01,0.00621,0.0183,0.1257,0.05730,0.000275
0.08-44-0.6,0.08,44,0.60, 85,287,167,1,0.182,20.31,FALSE,0.08-44-0.6,0.1913,0.7463,0.938,0.00222,0.238,-0.193, 4.14e-01,0.00655,0.0184,0.1008,0.03993,0.000285
0.12-36-0.7,0.12,36,0.70, 63,205,117,1,0.193,17.74,FALSE,0.12-36-0.7,0.2068,0.6968,0.906,0.00409,0.214,-0.192, 3.39e-01,0.00790,0.0243,0.0676,0.02860,0.000316
0.12-44-0.4,0.12,44,0.40, 89,328,194,1,0.168,18.10,FALSE,0.12-44-0.4,0.2083,0.7190,0.924,0.00307,0.211,-0.192, 3.72e-01,0.00684,0.0195,0.1008,0.08431,0.000229
0.14-32-0.7,0.14,32,0.70, 61,190,109,1,0.197,17.74,FALSE,0.14-32-0.7,0.2236,0.6776,0.896,0.00587,0.192,-0.190, 3.10e-01,0.00831,0.0244,0.0539,0.02860,0.000346
0.08-52-0.85,0.08,52,0.85, 48,213,121,1,0.270,10.05,FALSE,0.08-52-0.85,0.2116,0.7018,0.914,0.00349,0.206,-0.192, 3.46e-01,0.00785,0.0216,0.1256,0.08857,0.000316
0.1-32-0.65,0.10,32,0.65, 60,183,103,1,0.205,21.58,FALSE,0.1-32-0.65,0.2331,0.6904,0.921,0.00354,0.177,-0.189, 3.29e-01,0.00787,0.0202,0.0539,0.02509,0.000368
0.08-36-0.85,0.08,36,0.85, 38,136, 76,1,0.268,10.03,FALSE,0.08-36-0.85,0.2113,0.6751,0.893,0.00674,0.214,-0.192, 3.07e-01,0.00887,0.0302,0.0676,0.02645,0.000362
0.06-36-0.75,0.06,36,0.75, 59,193,106,1,0.209,16.77,FALSE,0.06-36-0.75,0.2171,0.6951,0.920,0.00452,0.199,-0.191, 3.36e-01,0.00751,0.0215,0.0676,0.02324,0.000412
0.12-44-0.65,0.12,44,0.65, 88,326,193,1,0.170,17.27,FALSE,0.12-44-0.65,0.1948,0.7190,0.910,0.00309,0.230,-0.193, 3.72e-01,0.00699,0.0212,0.1008,0.08431,0.000229
0.05-48-0,0.05,48,0.00, 88,286,172,1,0.164,26.12,FALSE,0.05-48-0,0.2074,0.7243,0.931,0.00304,0.213,-0.192, 3.80e-01,0.00683,0.0184,0.1118,0.02860,0.000368
0.07-40-0.7,0.07,40,0.70, 71,240,141,1,0.188,16.46,FALSE,0.07-40-0.7,0.1885,0.7352,0.923,0.00351,0.240,-0.193, 3.97e-01,0.00738,0.0199,0.0872,0.02645,0.000345
0.2-32-0.7,0.20,32,0.70, 54,177,104,1,0.208,16.09,FALSE,0.2-32-0.7,0.2113,0.6932,0.901,0.00590,0.208,-0.192, 3.33e-01,0.00767,0.0231,0.0539,0.02765,0.000284
0.07-44-0.75,0.07,44,0.75, 76,264,151,1,0.198,14.66,FALSE,0.07-44-0.75,0.2039,0.7268,0.931,0.00251,0.218,-0.192, 3.84e-01,0.00661,0.0183,0.1008,0.02860,0.000316
0.14-28-0,0.14,28,0.00, 58,174,100,1,0.197,21.20,FALSE,0.14-28-0,0.2354,0.6617,0.898,0.00497,0.178,-0.188, 2.87e-01,0.00860,0.0247,0.0384,0.02509,0.000380
0.05-60-0.7,0.05,60,0.70,104,403,242,1,0.175,23.24,FALSE,0.05-60-0.7,0.1697,0.7586,0.928,0.00272,0.271,-0.191, 4.33e-01,0.00616,0.0186,0.1535,0.05730,0.000316
0.05-52-0.85,0.05,52,0.85, 48,191,104,1,0.265, 9.19,FALSE,0.05-52-0.85,0.2221,0.6784,0.898,0.00516,0.194,-0.191, 3.12e-01,0.00702,0.0238,0.1256,0.02765,0.000362
0.05-48-0.75,0.05,48,0.75, 77,267,161,1,0.183,17.42,FALSE,0.05-48-0.75,0.1941,0.7100,0.904,0.00446,0.233,-0.193, 3.58e-01,0.00786,0.0226,0.1118,0.02860,0.000368
0.06-60-0.85,0.06,60,0.85, 52,227,133,1,0.268,10.17,FALSE,0.06-60-0.85,0.1927,0.7254,0.918,0.00361,0.233,-0.193, 3.82e-01,0.00739,0.0203,0.1481,0.09140,0.000285
0.06-48-0.65,0.06,48,0.65, 88,296,178,1,0.176,20.57,FALSE,0.06-48-0.65,0.1854,0.7453,0.930,0.00262,0.246,-0.193, 4.12e-01,0.00689,0.0181,0.1118,0.03373,0.000316
0.14-48-0.65,0.14,48,0.65, 93,358,220,1,0.170,17.30,FALSE,0.14-48-0.65,0.1757,0.7429,0.913,0.00310,0.260,-0.192, 4.09e-01,0.00731,0.0202,0.1118,0.11194,0.000209
0.1-48-0.75,0.10,48,0.75, 83,318,187,1,0.184,16.24,FALSE,0.1-48-0.75,0.1912,0.7195,0.907,0.00360,0.236,-0.193, 3.73e-01,0.00740,0.0210,0.1118,0.08504,0.000229
0.1-32-0.85,0.10,32,0.85, 27, 97, 51,1,0.321, 8.67,FALSE,0.1-32-0.85,0.2255,0.6473,0.873,0.00754,0.202,-0.190, 2.67e-01,0.01002,0.0405,0.0539,0.01503,0.000380
0.05-40-0.6,0.05,40,0.60, 73,231,137,1,0.180,24.55,FALSE,0.05-40-0.6,0.2055,0.7019,0.911,0.00399,0.216,-0.192, 3.46e-01,0.00785,0.0220,0.0872,0.02324,0.000529
0.07-52-0.85,0.07,52,0.85, 45,198,110,1,0.276,10.84,FALSE,0.07-52-0.85,0.2239,0.7019,0.920,0.00310,0.189,-0.190, 3.46e-01,0.00736,0.0187,0.1256,0.05730,0.000316
0.08-40-0.6,0.08,40,0.60, 75,247,143,1,0.187,19.20,FALSE,0.08-40-0.6,0.1922,0.7401,0.933,0.00278,0.235,-0.193, 4.04e-01,0.00687,0.0178,0.0872,0.02860,0.000316
0.08-40-0.7,0.08,40,0.70, 70,232,132,1,0.193,19.95,FALSE,0.08-40-0.7,0.2060,0.7268,0.934,0.00295,0.215,-0.192, 3.84e-01,0.00681,0.0177,0.0872,0.02860,0.000316
0.09-40-0.65,0.09,40,0.65, 73,241,144,1,0.190,20.05,FALSE,0.09-40-0.65,0.1997,0.7208,0.921,0.00340,0.223,-0.193, 3.75e-01,0.00780,0.0197,0.0872,0.03373,0.000316
0.08-48-0.8,0.08,48,0.80, 67,269,157,1,0.202,12.32,FALSE,0.08-48-0.8,0.1947,0.7156,0.905,0.00372,0.231,-0.193, 3.67e-01,0.00793,0.0209,0.1118,0.05730,0.000284
0.07-36-0.7,0.07,36,0.70, 63,203,113,1,0.192,18.71,FALSE,0.07-36-0.7,0.2124,0.7113,0.920,0.00369,0.205,-0.192, 3.60e-01,0.00789,0.0191,0.0676,0.02506,0.000368
0.2-40-0.75,0.20,40,0.75, 68,256,149,1,0.188,13.44,FALSE,0.2-40-0.75,0.2046,0.7061,0.911,0.00272,0.216,-0.192, 3.53e-01,0.00673,0.0208,0.0872,0.08431,0.000209
0.16-40-0.65,0.16,40,0.65, 78,280,164,1,0.170,17.41,FALSE,0.16-40-0.65,0.2061,0.7129,0.917,0.00302,0.214,-0.192, 3.63e-01,0.00690,0.0200,0.0872,0.08431,0.000244
0.16-24-0.75,0.16,24,0.75, 41,126, 72,1,0.262,14.23,FALSE,0.16-24-0.75,0.2273,0.6518,0.872,0.00720,0.196,-0.190, 2.73e-01,0.00982,0.0311,0.0251,0.01503,0.000529
0.18-40-0,0.18,40,0.00, 80,282,165,1,0.167,18.41,FALSE,0.18-40-0,0.2002,0.7079,0.909,0.00365,0.223,-0.193, 3.55e-01,0.00721,0.0215,0.0872,0.08431,0.000229
0.06-40-0.65,0.06,40,0.65, 71,233,137,1,0.188,20.31,FALSE,0.06-40-0.65,0.1906,0.7265,0.921,0.00302,0.237,-0.193, 3.83e-01,0.00766,0.0201,0.0872,0.02645,0.000368
0.07-44-0.7,0.07,44,0.70, 81,276,162,1,0.188,18.52,FALSE,0.07-44-0.7,0.1912,0.7362,0.928,0.00225,0.236,-0.193, 3.98e-01,0.00691,0.0180,0.1008,0.02875,0.000316
0.18-44-0.65,0.18,44,0.65, 88,331,200,1,0.174,17.52,FALSE,0.18-44-0.65,0.1869,0.7224,0.919,0.00309,0.243,-0.193, 3.77e-01,0.00668,0.0208,0.1008,0.09881,0.000197
0.09-36-0.65,0.09,36,0.65, 66,217,125,1,0.193,17.10,FALSE,0.09-36-0.65,0.2081,0.7059,0.926,0.00398,0.211,-0.192, 3.52e-01,0.00743,0.0202,0.0676,0.02765,0.000345
0.05-44-0.55,0.05,44,0.55, 82,265,160,1,0.173,25.01,FALSE,0.05-44-0.55,0.2048,0.7212,0.926,0.00265,0.216,-0.192, 3.75e-01,0.00699,0.0181,0.1008,0.02645,0.000412
0.07-40-0,0.07,40,0.00, 76,248,148,1,0.181,19.42,FALSE,0.07-40-0,0.1907,0.7302,0.924,0.00296,0.237,-0.193, 3.89e-01,0.00724,0.0193,0.0872,0.02645,0.000345
0.12-24-0.8,0.12,24,0.80, 35,118, 66,1,0.295,11.61,FALSE,0.12-24-0.8,0.2352,0.6381,0.884,0.00673,0.190,-0.188, 2.54e-01,0.00840,0.0340,0.0269,0.01503,0.000529
0.09-28-0.8,0.09,28,0.80, 39,130, 71,1,0.279,14.45,FALSE,0.09-28-0.8,0.2295,0.6528,0.876,0.00644,0.192,-0.189, 2.75e-01,0.00849,0.0281,0.0384,0.01956,0.000529
0.16-32-0.4,0.16,32,0.40, 63,190,111,1,0.194,18.95,FALSE,0.16-32-0.4,0.2180,0.6903,0.905,0.00490,0.198,-0.191, 3.29e-01,0.00829,0.0210,0.0539,0.02860,0.000346
0.07-44-0.6,0.07,44,0.60, 85,283,168,1,0.184,20.51,FALSE,0.07-44-0.6,0.1908,0.7400,0.931,0.00240,0.237,-0.193, 4.04e-01,0.00684,0.0174,0.1008,0.02875,0.000316
0.1-48-0.65,0.10,48,0.65, 93,341,204,1,0.171,21.11,FALSE,0.1-48-0.65,0.1932,0.7222,0.920,0.00316,0.233,-0.193, 3.77e-01,0.00694,0.0201,0.1118,0.08504,0.000229
0.1-48-0.7,0.10,48,0.70, 86,327,194,1,0.178,17.24,FALSE,0.1-48-0.7,0.1963,0.7213,0.917,0.00332,0.228,-0.193, 3.76e-01,0.00718,0.0197,0.1118,0.08504,0.000229
0.18-24-0,0.18,24,0.00, 49,141, 82,1,0.228,19.61,FALSE,0.18-24-0,0.2219,0.6590,0.874,0.00693,0.202,-0.191, 2.84e-01,0.00940,0.0283,0.0269,0.01956,0.000529
0.07-60-0.85,0.07,60,0.85, 53,229,135,1,0.253,12.00,FALSE,0.07-60-0.85,0.1961,0.7037,0.894,0.00501,0.231,-0.193, 3.49e-01,0.00900,0.0225,0.1481,0.11194,0.000221
0.1-28-0.85,0.10,28,0.85, 26, 95, 50,1,0.328, 7.73,FALSE,0.1-28-0.85,0.2307,0.6378,0.874,0.00770,0.198,-0.189, 2.54e-01,0.00954,0.0386,0.0307,0.01503,0.000529
0.2-24-0.7,0.20,24,0.70, 40,125, 73,1,0.255,16.12,FALSE,0.2-24-0.7,0.2320,0.6449,0.879,0.00671,0.192,-0.189, 2.64e-01,0.00927,0.0304,0.0251,0.01503,0.000380
0.06-40-0.3,0.06,40,0.30, 74,237,141,1,0.182,23.22,FALSE,0.06-40-0.3,0.1988,0.7256,0.923,0.00310,0.224,-0.193, 3.82e-01,0.00774,0.0181,0.0872,0.02645,0.000368
0.2-24-0.75,0.20,24,0.75, 39,122, 71,1,0.264,15.18,FALSE,0.2-24-0.75,0.2315,0.6496,0.874,0.00714,0.190,-0.189, 2.70e-01,0.00935,0.0280,0.0251,0.01503,0.000380
0.08-44-0.75,0.08,44,0.75, 76,260,149,1,0.198,19.11,FALSE,0.08-44-0.75,0.1947,0.7316,0.929,0.00271,0.231,-0.193, 3.91e-01,0.00686,0.0178,0.1008,0.03993,0.000285
0.2-60-0.85,0.20,60,0.85, 53,242,143,1,0.256,10.07,FALSE,0.2-60-0.85,0.2029,0.6813,0.884,0.00467,0.226,-0.192, 3.16e-01,0.00857,0.0265,0.1481,0.30966,0.000114
0.16-40-0.8,0.16,40,0.80, 55,223,130,1,0.219,10.38,FALSE,0.16-40-0.8,0.1992,0.7008,0.896,0.00450,0.226,-0.193, 3.45e-01,0.00771,0.0223,0.0869,0.05730,0.000284
0.07-48-0,0.07,48,0.00, 92,301,181,1,0.172,23.49,FALSE,0.07-48-0,0.1867,0.7541,0.937,0.00240,0.246,-0.193, 4.26e-01,0.00685,0.0168,0.1118,0.03993,0.000285
0.07-56-0.6,0.07,56,0.60,104,400,239,1,0.170,21.41,FALSE,0.07-56-0.6,0.1709,0.7515,0.916,0.00317,0.269,-0.191, 4.22e-01,0.00660,0.0185,0.1357,0.08504,0.000229
0.16-60-0.85,0.16,60,0.85, 52,234,136,1,0.266,10.96,FALSE,0.16-60-0.85,0.2091,0.6781,0.888,0.00455,0.216,-0.192, 3.11e-01,0.00814,0.0252,0.1481,0.30966,0.000142
0.2-40-0.8,0.20,40,0.80, 50,209,123,1,0.226,10.22,FALSE,0.2-40-0.8,0.2038,0.6834,0.887,0.00457,0.224,-0.192, 3.19e-01,0.00752,0.0251,0.0869,0.05730,0.000221
0.09-44-0.45,0.09,44,0.45, 89,334,198,1,0.176,18.39,FALSE,0.09-44-0.45,0.2000,0.7240,0.929,0.00304,0.223,-0.193, 3.80e-01,0.00674,0.0180,0.1008,0.05730,0.000284
0.06-44-0.3,0.06,44,0.30, 87,289,175,1,0.180,22.44,FALSE,0.06-44-0.3,0.1794,0.7449,0.921,0.00297,0.255,-0.192, 4.12e-01,0.00725,0.0179,0.1008,0.02875,0.000341
0.2-40-0.7,0.20,40,0.70, 71,263,153,1,0.182,15.39,FALSE,0.2-40-0.7,0.1966,0.7148,0.909,0.00332,0.228,-0.193, 3.66e-01,0.00721,0.0201,0.0872,0.08431,0.000209
0.1-36-0.7,0.10,36,0.70, 63,208,118,1,0.199,17.03,FALSE,0.1-36-0.7,0.2081,0.6996,0.907,0.00417,0.212,-0.192, 3.43e-01,0.00801,0.0207,0.0676,0.02765,0.000341
0.16-36-0.85,0.16,36,0.85, 28,105, 57,1,0.315,10.14,FALSE,0.16-36-0.85,0.2236,0.6458,0.855,0.00830,0.206,-0.190, 2.65e-01,0.00964,0.0325,0.0676,0.05567,0.000316
0.08-40-0.8,0.08,40,0.80, 55,196,113,1,0.217,11.27,FALSE,0.08-40-0.8,0.1936,0.7047,0.905,0.00509,0.235,-0.193, 3.50e-01,0.00845,0.0223,0.0869,0.02765,0.000316
0.2-28-0.7,0.20,28,0.70, 50,163, 94,1,0.215,14.14,FALSE,0.2-28-0.7,0.2370,0.6708,0.903,0.00569,0.173,-0.188, 3.01e-01,0.00758,0.0206,0.0384,0.02645,0.000341
0.07-52-0.4,0.07,52,0.40, 99,377,225,1,0.174,21.53,FALSE,0.07-52-0.4,0.1743,0.7526,0.929,0.00287,0.263,-0.192, 4.24e-01,0.00617,0.0176,0.1257,0.05730,0.000275
0.09-48-0.4,0.09,48,0.40, 95,355,212,1,0.168,21.01,FALSE,0.09-48-0.4,0.2036,0.7246,0.930,0.00267,0.218,-0.192, 3.81e-01,0.00684,0.0174,0.1118,0.08504,0.000244
0.09-40-0.7,0.09,40,0.70, 70,235,138,1,0.194,19.03,FALSE,0.09-40-0.7,0.2030,0.7207,0.918,0.00336,0.218,-0.192, 3.75e-01,0.00760,0.0178,0.0872,0.03373,0.000316
0.05-52-0.7,0.05,52,0.70, 89,327,198,1,0.184,19.54,FALSE,0.05-52-0.7,0.1734,0.7567,0.922,0.00356,0.265,-0.192, 4.30e-01,0.00678,0.0171,0.1257,0.03330,0.000341
0.05-48-0.55,0.05,48,0.55, 87,285,172,1,0.167,25.16,FALSE,0.05-48-0.55,0.2003,0.7217,0.923,0.00280,0.222,-0.193, 3.76e-01,0.00706,0.0182,0.1118,0.02860,0.000368
0.06-48-0.7,0.06,48,0.70, 84,290,173,1,0.180,17.62,FALSE,0.06-48-0.7,0.1878,0.7378,0.927,0.00253,0.241,-0.193, 4.01e-01,0.00696,0.0176,0.1118,0.03373,0.000316
0.2-44-0.7,0.20,44,0.70, 80,313,188,1,0.183,15.46,FALSE,0.2-44-0.7,0.1868,0.7266,0.912,0.00330,0.243,-0.193, 3.84e-01,0.00703,0.0195,0.1008,0.09881,0.000182
0.05-44-0,0.05,44,0.00, 83,266,160,1,0.170,25.97,FALSE,0.05-44-0,0.2018,0.7227,0.922,0.00306,0.220,-0.192, 3.78e-01,0.00709,0.0177,0.1008,0.02645,0.000412
0.18-60-0.85,0.18,60,0.85, 52,239,139,1,0.261,10.04,FALSE,0.18-60-0.85,0.2039,0.6791,0.882,0.00438,0.225,-0.192, 3.13e-01,0.00843,0.0258,0.1481,0.30966,0.000142
0.12-44-0.8,0.12,44,0.80, 60,252,147,1,0.216, 8.55,FALSE,0.12-44-0.8,0.2099,0.6954,0.903,0.00360,0.210,-0.192, 3.37e-01,0.00757,0.0207,0.1000,0.05730,0.000284
0.18-40-0.8,0.18,40,0.80, 51,214,126,1,0.224,11.14,FALSE,0.18-40-0.8,0.1988,0.6836,0.880,0.00509,0.233,-0.193, 3.19e-01,0.00785,0.0258,0.0869,0.05730,0.000284
0.18-28-0.75,0.18,28,0.75, 51,164, 94,1,0.221,13.78,FALSE,0.18-28-0.75,0.2361,0.6576,0.899,0.00495,0.179,-0.188, 2.82e-01,0.00790,0.0227,0.0384,0.02645,0.000362
0.05-40-0.55,0.05,40,0.55, 74,232,138,1,0.179,25.51,FALSE,0.05-40-0.55,0.2038,0.7136,0.914,0.00370,0.217,-0.192, 3.64e-01,0.00755,0.0190,0.0872,0.02324,0.000529
0.05-32-0,0.05,32,0.00, 57,160, 99,1,0.208,27.74,FALSE,0.05-32-0,0.1970,0.7100,0.909,0.00618,0.228,-0.193, 3.58e-01,0.00931,0.0204,0.0539,0.01281,0.000637
0.09-48-0.75,0.09,48,0.75, 81,317,186,1,0.186,16.19,FALSE,0.09-48-0.75,0.2062,0.7095,0.919,0.00281,0.214,-0.192, 3.58e-01,0.00719,0.0191,0.1118,0.08504,0.000284
0.14-24-0.7,0.14,24,0.70, 45,135, 77,1,0.241,15.32,FALSE,0.14-24-0.7,0.2231,0.6461,0.865,0.00818,0.207,-0.190, 2.65e-01,0.01000,0.0310,0.0251,0.01956,0.000529
0.09-40-0.75,0.09,40,0.75, 66,224,130,1,0.204,16.12,FALSE,0.09-40-0.75,0.1986,0.7148,0.914,0.00388,0.225,-0.193, 3.66e-01,0.00776,0.0193,0.0872,0.03373,0.000316
0.1-40-0.2,0.10,40,0.20, 76,246,149,1,0.186,21.09,FALSE,0.1-40-0.2,0.1916,0.7146,0.912,0.00350,0.236,-0.193, 3.65e-01,0.00805,0.0204,0.0872,0.03373,0.000316
0.07-56-0,0.07,56,0.00,106,404,241,1,0.167,22.40,FALSE,0.07-56-0,0.1746,0.7428,0.918,0.00320,0.262,-0.192, 4.09e-01,0.00650,0.0184,0.1357,0.08504,0.000229
0.05-32-0.7,0.05,32,0.70, 51,152, 92,1,0.231,22.79,FALSE,0.05-32-0.7,0.2005,0.6934,0.887,0.00739,0.226,-0.193, 3.34e-01,0.00970,0.0222,0.0539,0.01271,0.000637
0.08-40-0.5,0.08,40,0.50, 77,252,148,1,0.184,20.15,FALSE,0.08-40-0.5,0.1878,0.7426,0.928,0.00268,0.242,-0.193, 4.08e-01,0.00696,0.0166,0.0872,0.02860,0.000316
0.08-44-0.5,0.08,44,0.50, 87,292,172,1,0.179,21.27,FALSE,0.08-44-0.5,0.1908,0.7429,0.932,0.00239,0.238,-0.193, 4.09e-01,0.00670,0.0164,0.1008,0.03993,0.000285
0.09-48-0.2,0.09,48,0.20, 96,356,213,1,0.166,21.96,FALSE,0.09-48-0.2,0.2017,0.7225,0.927,0.00265,0.220,-0.192, 3.77e-01,0.00694,0.0172,0.1118,0.08504,0.000244
0.14-40-0.75,0.14,40,0.75, 70,261,151,1,0.185,13.35,FALSE,0.14-40-0.75,0.2034,0.6998,0.902,0.00389,0.219,-0.192, 3.43e-01,0.00721,0.0205,0.0872,0.05730,0.000284
0.16-52-0.85,0.16,52,0.85, 44,194,112,1,0.282, 9.92,FALSE,0.16-52-0.85,0.1821,0.6804,0.864,0.00670,0.268,-0.192, 3.14e-01,0.00890,0.0330,0.1256,0.15658,0.000182
0.12-40-0.75,0.12,40,0.75, 69,251,150,1,0.189,15.18,FALSE,0.12-40-0.75,0.1789,0.7175,0.889,0.00523,0.258,-0.192, 3.70e-01,0.00780,0.0216,0.0872,0.05567,0.000284
0.1-28-0.65,0.10,28,0.65, 54,165, 92,1,0.227,18.92,FALSE,0.1-28-0.65,0.2270,0.6673,0.897,0.00525,0.190,-0.190, 2.95e-01,0.00792,0.0219,0.0384,0.01956,0.000412
0.05-56-0.55,0.05,56,0.55,102,358,220,1,0.168,23.57,FALSE,0.05-56-0.55,0.1659,0.7553,0.922,0.00305,0.277,-0.191, 4.28e-01,0.00645,0.0176,0.1292,0.04174,0.000316
0.07-48-0.65,0.07,48,0.65, 90,298,178,1,0.176,22.52,FALSE,0.07-48-0.65,0.1799,0.7457,0.927,0.00289,0.254,-0.192, 4.13e-01,0.00684,0.0170,0.1118,0.03993,0.000285
0.08-44-0.7,0.08,44,0.70, 80,272,156,1,0.187,21.09,FALSE,0.08-44-0.7,0.1958,0.7402,0.934,0.00283,0.231,-0.193, 4.04e-01,0.00666,0.0161,0.1008,0.03993,0.000285
0.07-52-0.75,0.07,52,0.75, 87,349,203,1,0.190,15.60,FALSE,0.07-52-0.75,0.1788,0.7489,0.925,0.00277,0.256,-0.192, 4.18e-01,0.00633,0.0167,0.1257,0.05730,0.000284
0.14-40-0.8,0.14,40,0.80, 56,222,128,1,0.216,10.31,FALSE,0.14-40-0.8,0.2072,0.6791,0.879,0.00570,0.219,-0.192, 3.13e-01,0.00845,0.0238,0.0869,0.05730,0.000284
0.18-40-0.65,0.18,40,0.65, 79,281,164,1,0.169,17.44,FALSE,0.18-40-0.65,0.2031,0.7100,0.912,0.00273,0.218,-0.192, 3.58e-01,0.00702,0.0188,0.0872,0.08431,0.000229
0.12-48-0.8,0.12,48,0.80, 64,271,164,1,0.210, 9.51,FALSE,0.12-48-0.8,0.1847,0.7090,0.894,0.00427,0.250,-0.193, 3.57e-01,0.00823,0.0219,0.1118,0.09881,0.000221
0.14-40-0.7,0.14,40,0.70, 74,273,160,1,0.177,16.10,FALSE,0.14-40-0.7,0.2066,0.6972,0.903,0.00292,0.215,-0.192, 3.39e-01,0.00723,0.0202,0.0872,0.05730,0.000284
0.05-36-0,0.05,36,0.00, 67,196,113,1,0.179,27.13,FALSE,0.05-36-0,0.1964,0.7056,0.905,0.00566,0.230,-0.193, 3.52e-01,0.00739,0.0204,0.0676,0.01914,0.000537
0.07-48-0.6,0.07,48,0.60, 91,300,180,1,0.174,22.52,FALSE,0.07-48-0.6,0.1707,0.7530,0.925,0.00309,0.269,-0.191, 4.24e-01,0.00700,0.0171,0.1118,0.03993,0.000285
0.06-48-0.55,0.06,48,0.55, 89,298,180,1,0.174,20.57,FALSE,0.06-48-0.55,0.1846,0.7435,0.927,0.00300,0.247,-0.193, 4.10e-01,0.00696,0.0165,0.1118,0.03373,0.000316
0.06-28-0.4,0.06,28,0.40, 52,158, 95,1,0.230,23.21,FALSE,0.06-28-0.4,0.2126,0.6637,0.883,0.00802,0.217,-0.192, 2.90e-01,0.00915,0.0259,0.0384,0.01271,0.000558
0.12-40-0,0.12,40,0.00, 79,272,168,1,0.170,20.84,FALSE,0.12-40-0,0.1886,0.7110,0.901,0.00414,0.242,-0.193, 3.60e-01,0.00769,0.0207,0.0872,0.05567,0.000275
0.06-28-0.85,0.06,28,0.85, 23, 81, 44,1,0.359, 6.78,FALSE,0.06-28-0.85,0.2162,0.6263,0.816,0.01308,0.235,-0.191, 2.38e-01,0.01266,0.0419,0.0307,0.00837,0.000623
0.05-44-0.7,0.05,44,0.70, 76,257,152,1,0.185,20.17,FALSE,0.05-44-0.7,0.2007,0.7226,0.922,0.00348,0.222,-0.193, 3.77e-01,0.00717,0.0170,0.1008,0.02645,0.000412
0.05-56-0.65,0.05,56,0.65, 98,353,215,1,0.174,20.63,FALSE,0.05-56-0.65,0.1691,0.7492,0.918,0.00284,0.271,-0.191, 4.18e-01,0.00650,0.0176,0.1292,0.04174,0.000316
0.12-36-0.8,0.12,36,0.80, 48,171, 96,1,0.237, 9.43,FALSE,0.12-36-0.8,0.2059,0.6838,0.891,0.00545,0.220,-0.192, 3.19e-01,0.00842,0.0223,0.0676,0.02765,0.000316
0.16-36-0.8,0.16,36,0.80, 49,186,109,1,0.232,10.33,FALSE,0.16-36-0.8,0.2446,0.5875,0.828,0.00584,0.211,-0.186, 1.85e-01,0.00940,0.0422,0.0676,0.05567,0.000316
0.07-36-0.8,0.07,36,0.80, 50,172, 97,1,0.223,12.90,FALSE,0.07-36-0.8,0.2046,0.6688,0.874,0.00782,0.229,-0.192, 2.98e-01,0.00923,0.0261,0.0676,0.02506,0.000368
0.05-44-0.6,0.05,44,0.60, 81,264,159,1,0.174,24.04,FALSE,0.05-44-0.6,0.1926,0.7246,0.919,0.00320,0.234,-0.193, 3.81e-01,0.00736,0.0176,0.1008,0.02645,0.000412
0.1-36-0.75,0.10,36,0.75, 62,205,116,1,0.204,16.09,FALSE,0.1-36-0.75,0.2063,0.6860,0.901,0.00461,0.218,-0.192, 3.23e-01,0.00781,0.0219,0.0676,0.02765,0.000341
0.05-32-0.65,0.05,32,0.65, 53,156, 96,1,0.224,23.86,FALSE,0.05-32-0.65,0.1973,0.6921,0.891,0.00692,0.232,-0.193, 3.32e-01,0.00982,0.0221,0.0539,0.01271,0.000637
0.06-44-0.55,0.06,44,0.55, 85,286,172,1,0.183,20.49,FALSE,0.06-44-0.55,0.1880,0.7403,0.927,0.00261,0.241,-0.193, 4.05e-01,0.00698,0.0162,0.1008,0.02875,0.000341
0.2-48-0.85,0.20,48,0.85, 41,175,104,1,0.261, 9.91,FALSE,0.2-48-0.85,0.2032,0.6290,0.831,0.00526,0.260,-0.192, 2.41e-01,0.00964,0.0383,0.1118,0.11194,0.000173
0.18-48-0.85,0.18,48,0.85, 40,170, 99,1,0.266, 9.88,FALSE,0.18-48-0.85,0.2178,0.6193,0.844,0.00542,0.237,-0.191, 2.28e-01,0.00907,0.0366,0.1118,0.11194,0.000182
0.05-32-0.6,0.05,32,0.60, 55,158, 98,1,0.216,25.79,FALSE,0.05-32-0.6,0.1936,0.6893,0.886,0.00807,0.240,-0.193, 3.28e-01,0.01008,0.0236,0.0539,0.01271,0.000637
0.18-24-0.8,0.18,24,0.80, 31,107, 64,1,0.310,10.38,FALSE,0.18-24-0.8,0.2288,0.5919,0.812,0.01030,0.239,-0.190, 1.91e-01,0.01008,0.0425,0.0251,0.01503,0.000529
0.08-44-0.8,0.08,44,0.80, 61,225,132,1,0.214,11.36,FALSE,0.08-44-0.8,0.1940,0.7070,0.901,0.00469,0.234,-0.193, 3.54e-01,0.00843,0.0200,0.1000,0.03993,0.000285
0.06-52-0.7,0.06,52,0.70, 91,346,211,1,0.180,17.61,FALSE,0.06-52-0.7,0.1775,0.7451,0.921,0.00329,0.258,-0.192, 4.12e-01,0.00663,0.0168,0.1257,0.05567,0.000287
0.06-48-0.8,0.06,48,0.80, 60,226,134,1,0.214, 9.60,FALSE,0.06-48-0.8,0.1924,0.7144,0.901,0.00481,0.235,-0.193, 3.65e-01,0.00845,0.0193,0.1118,0.03373,0.000316
0.2-24-0.8,0.20,24,0.80, 30,104, 62,1,0.314,10.36,FALSE,0.2-24-0.8,0.2362,0.5969,0.832,0.00971,0.219,-0.188, 1.98e-01,0.00975,0.0358,0.0251,0.01503,0.000380
0.14-24-0.75,0.14,24,0.75, 44,132, 75,1,0.249,14.41,FALSE,0.14-24-0.75,0.2187,0.6438,0.856,0.00852,0.217,-0.191, 2.62e-01,0.01002,0.0287,0.0251,0.01956,0.000529
0.07-40-0.8,0.07,40,0.80, 55,199,116,1,0.216, 9.59,FALSE,0.07-40-0.8,0.1836,0.7022,0.887,0.00592,0.254,-0.192, 3.47e-01,0.00893,0.0224,0.0869,0.02645,0.000362
0.14-36-0,0.14,36,0.00, 69,218,129,1,0.178,19.74,FALSE,0.14-36-0,0.2035,0.6942,0.895,0.00509,0.221,-0.192, 3.35e-01,0.00855,0.0203,0.0676,0.03993,0.000316
0.05-44-0.85,0.05,44,0.85, 42,147, 77,1,0.253,14.33,FALSE,0.05-44-0.85,0.2237,0.6447,0.870,0.00558,0.207,-0.190, 2.63e-01,0.00774,0.0270,0.0955,0.01503,0.000529
0.1-32-0.8,0.10,32,0.80, 44,146, 83,1,0.251,14.52,FALSE,0.1-32-0.8,0.2196,0.6403,0.861,0.00728,0.217,-0.191, 2.57e-01,0.00945,0.0296,0.0539,0.02506,0.000368
0.16-44-0.85,0.16,44,0.85, 36,152, 88,1,0.294, 9.73,FALSE,0.16-44-0.85,0.2170,0.6476,0.859,0.00525,0.218,-0.191, 2.67e-01,0.00811,0.0279,0.1000,0.09140,0.000221
0.1-36-0.8,0.10,36,0.80, 49,174,101,1,0.231,10.26,FALSE,0.1-36-0.8,0.2011,0.6723,0.874,0.00686,0.234,-0.193, 3.03e-01,0.00923,0.0251,0.0676,0.02765,0.000362
0.06-28-0.65,0.06,28,0.65, 50,156, 93,1,0.235,21.25,FALSE,0.06-28-0.65,0.2095,0.6701,0.880,0.00742,0.219,-0.192, 3.00e-01,0.00910,0.0239,0.0384,0.01271,0.000558
0.16-32-0,0.16,32,0.00, 64,191,112,1,0.191,19.90,FALSE,0.16-32-0,0.2169,0.6900,0.905,0.00472,0.200,-0.191, 3.29e-01,0.00837,0.0191,0.0539,0.02860,0.000346
0.07-56-0.4,0.07,56,0.40,105,403,240,1,0.168,21.43,FALSE,0.07-56-0.4,0.1772,0.7432,0.921,0.00310,0.258,-0.192, 4.09e-01,0.00638,0.0169,0.1357,0.08504,0.000229
0.09-44-0.8,0.09,44,0.80, 60,250,145,1,0.219, 9.43,FALSE,0.09-44-0.8,0.2036,0.6993,0.903,0.00482,0.219,-0.192, 3.42e-01,0.00796,0.0194,0.1000,0.05730,0.000284
0.05-56-0,0.05,56,0.00,104,360,221,1,0.166,25.52,FALSE,0.05-56-0,0.1716,0.7522,0.922,0.00279,0.267,-0.191, 4.23e-01,0.00639,0.0164,0.1292,0.04174,0.000316
0.05-60-0.2,0.05,60,0.20,111,413,252,1,0.167,28.13,FALSE,0.05-60-0.2,0.1704,0.7602,0.926,0.00315,0.270,-0.191, 4.36e-01,0.00642,0.0158,0.1535,0.05730,0.000316
0.2-36-0.8,0.20,36,0.80, 45,179,107,1,0.236,10.14,FALSE,0.2-36-0.8,0.2080,0.5995,0.816,0.00635,0.278,-0.192, 2.01e-01,0.00877,0.0401,0.0676,0.05567,0.000284
0.16-44-0.8,0.16,44,0.80, 60,255,154,1,0.223,10.42,FALSE,0.16-44-0.8,0.1809,0.7001,0.884,0.00456,0.260,-0.192, 3.44e-01,0.00800,0.0235,0.1000,0.09140,0.000221
0.06-40-0.55,0.06,40,0.55, 72,234,138,1,0.186,21.28,FALSE,0.06-40-0.55,0.1924,0.7228,0.921,0.00445,0.234,-0.193, 3.78e-01,0.00766,0.0174,0.0872,0.02645,0.000368
0.18-36-0.8,0.18,36,0.80, 47,185,111,1,0.231,11.12,FALSE,0.18-36-0.8,0.2030,0.6037,0.802,0.00681,0.285,-0.192, 2.07e-01,0.00914,0.0375,0.0676,0.05567,0.000284
0.05-60-0,0.05,60,0.00,112,414,252,1,0.166,29.10,FALSE,0.05-60-0,0.1689,0.7605,0.924,0.00272,0.273,-0.191, 4.36e-01,0.00644,0.0157,0.1535,0.05730,0.000316
0.2-28-0.8,0.20,28,0.80, 37,132, 76,1,0.272,10.73,FALSE,0.2-28-0.8,0.2289,0.6076,0.840,0.00875,0.224,-0.189, 2.12e-01,0.00879,0.0316,0.0384,0.02645,0.000362
0.14-44-0.75,0.14,44,0.75, 80,313,186,1,0.189,13.46,FALSE,0.14-44-0.75,0.1766,0.7258,0.899,0.00416,0.260,-0.192, 3.82e-01,0.00736,0.0193,0.1008,0.09140,0.000229
0.05-52-0.55,0.05,52,0.55, 95,336,207,1,0.175,23.47,FALSE,0.05-52-0.55,0.1756,0.7422,0.916,0.00300,0.261,-0.192, 4.08e-01,0.00669,0.0169,0.1257,0.03330,0.000341
0.16-24-0.8,0.16,24,0.80, 33,111, 64,1,0.309,10.55,FALSE,0.16-24-0.8,0.2176,0.5997,0.809,0.01069,0.256,-0.191, 2.01e-01,0.01063,0.0346,0.0251,0.01503,0.000529
0.1-52-0.65,0.10,52,0.65, 97,387,238,1,0.177,20.14,FALSE,0.1-52-0.65,0.1642,0.7458,0.910,0.00309,0.280,-0.190, 4.13e-01,0.00729,0.0177,0.1257,0.11194,0.000209
0.06-44-0.7,0.06,44,0.70, 80,278,165,1,0.190,17.54,FALSE,0.06-44-0.7,0.1801,0.7410,0.922,0.00268,0.253,-0.192, 4.06e-01,0.00720,0.0165,0.1008,0.02875,0.000341
0.09-40-0.8,0.09,40,0.80, 50,182,105,1,0.235, 9.35,FALSE,0.09-40-0.8,0.1950,0.6924,0.891,0.00640,0.236,-0.193, 3.32e-01,0.00893,0.0212,0.0869,0.03373,0.000316
0.06-48-0.75,0.06,48,0.75, 79,276,165,1,0.189,14.67,FALSE,0.06-48-0.75,0.1831,0.7357,0.922,0.00290,0.248,-0.192, 3.98e-01,0.00710,0.0167,0.1118,0.03373,0.000316
0.06-44-0.65,0.06,44,0.65, 84,284,170,1,0.185,20.49,FALSE,0.06-44-0.65,0.1827,0.7372,0.920,0.00304,0.249,-0.192, 4.00e-01,0.00709,0.0165,0.1008,0.02875,0.000341
0.07-28-0.85,0.07,28,0.85, 25, 85, 46,1,0.336, 7.78,FALSE,0.07-28-0.85,0.1970,0.6142,0.806,0.01127,0.288,-0.193, 2.21e-01,0.01148,0.0345,0.0307,0.00837,0.000623
0.06-44-0.75,0.06,44,0.75, 76,268,160,1,0.198,14.62,FALSE,0.06-44-0.75,0.1778,0.7419,0.918,0.00327,0.257,-0.192, 4.07e-01,0.00729,0.0166,0.1008,0.02860,0.000341
0.18-24-0.7,0.18,24,0.70, 44,133, 76,1,0.245,16.34,FALSE,0.18-24-0.7,0.2229,0.6324,0.862,0.00870,0.216,-0.190, 2.46e-01,0.00953,0.0286,0.0251,0.01956,0.000529
0.12-20-0.8,0.12,20,0.80, 24, 80, 53,1,0.316, 5.98,FALSE,0.12-20-0.8,0.2120,0.4083,0.606,0.01008,0.577,-0.192,-1.98e-02,0.01706,0.0671,0.0219,0.00973,0.000623
0.09-24-0.85,0.09,24,0.85, 22, 79, 46,1,0.357, 5.89,FALSE,0.09-24-0.85,0.1789,0.5336,0.697,0.01245,0.442,-0.192, 1.17e-01,0.01530,0.0386,0.0269,0.00430,0.000623
0.05-60-0.55,0.05,60,0.55,110,412,251,1,0.167,27.15,FALSE,0.05-60-0.55,0.1686,0.7615,0.930,0.00270,0.273,-0.191, 4.38e-01,0.00634,0.0151,0.1535,0.05730,0.000316
0.2-56-0.85,0.20,56,0.85, 49,222,132,1,0.269,10.00,FALSE,0.2-56-0.85,0.2022,0.6672,0.869,0.00600,0.235,-0.192, 2.95e-01,0.00930,0.0248,0.1256,0.24511,0.000137
0.05-36-0.6,0.05,36,0.60, 65,194,112,1,0.184,25.22,FALSE,0.05-36-0.6,0.1944,0.6940,0.892,0.00554,0.237,-0.193, 3.35e-01,0.00785,0.0208,0.0676,0.01914,0.000537
0.16-44-0.7,0.16,44,0.70, 83,323,194,1,0.179,14.56,FALSE,0.16-44-0.7,0.1820,0.7307,0.912,0.00304,0.250,-0.192, 3.90e-01,0.00702,0.0171,0.1008,0.09881,0.000221
0.05-36-0.2,0.05,36,0.20, 66,195,113,1,0.182,26.18,FALSE,0.05-36-0.2,0.1881,0.7032,0.891,0.00456,0.245,-0.193, 3.48e-01,0.00756,0.0204,0.0676,0.01914,0.000537
0.12-40-0.7,0.12,40,0.70, 72,259,156,1,0.182,17.11,FALSE,0.12-40-0.7,0.1789,0.7163,0.890,0.00405,0.258,-0.192, 3.68e-01,0.00770,0.0197,0.0872,0.05567,0.000284
0.07-44-0.8,0.07,44,0.80, 60,226,133,1,0.218, 8.70,FALSE,0.07-44-0.8,0.1968,0.7068,0.900,0.00449,0.229,-0.193, 3.54e-01,0.00828,0.0182,0.1000,0.02765,0.000316
0.05-52-0.2,0.05,52,0.20, 96,337,208,1,0.175,24.45,FALSE,0.05-52-0.2,0.1767,0.7485,0.925,0.00292,0.259,-0.192, 4.17e-01,0.00680,0.0156,0.1257,0.03330,0.000341
0.08-52-0.8,0.08,52,0.80, 69,293,171,1,0.213,13.23,FALSE,0.08-52-0.8,0.1823,0.7111,0.892,0.00417,0.254,-0.192, 3.60e-01,0.00810,0.0201,0.1257,0.08857,0.000284
0.18-48-0.65,0.18,48,0.65, 92,352,215,1,0.170,17.56,FALSE,0.18-48-0.65,0.1787,0.7306,0.907,0.00362,0.256,-0.192, 3.90e-01,0.00697,0.0174,0.1118,0.12388,0.000179
0.06-28-0.8,0.06,28,0.80, 31,114, 70,1,0.309, 9.64,FALSE,0.06-28-0.8,0.1966,0.5435,0.735,0.01275,0.378,-0.193, 1.29e-01,0.01201,0.0341,0.0307,0.00973,0.000623
0.14-52-0.85,0.14,52,0.85, 45,196,109,1,0.271, 9.96,FALSE,0.14-52-0.85,0.1854,0.6657,0.851,0.00543,0.270,-0.193, 2.93e-01,0.00935,0.0281,0.1256,0.12826,0.000182
0.1-48-0.8,0.10,48,0.80, 63,259,154,1,0.210,11.31,FALSE,0.1-48-0.8,0.2006,0.6966,0.894,0.00450,0.225,-0.193, 3.38e-01,0.00833,0.0194,0.1118,0.08504,0.000284
0.16-44-0.75,0.16,44,0.75, 78,308,183,1,0.188,12.58,FALSE,0.16-44-0.75,0.1853,0.7286,0.916,0.00300,0.245,-0.193, 3.87e-01,0.00686,0.0168,0.1008,0.09881,0.000221
0.05-36-0.85,0.05,36,0.85, 32,113, 60,1,0.283,11.30,FALSE,0.05-36-0.85,0.1939,0.5945,0.806,0.00887,0.317,-0.193, 1.95e-01,0.00849,0.0314,0.0676,0.01503,0.000537
0.2-44-0.85,0.20,44,0.85, 37,155, 89,1,0.282, 9.79,FALSE,0.2-44-0.85,0.2132,0.6458,0.861,0.00479,0.226,-0.192, 2.65e-01,0.00797,0.0265,0.1000,0.09140,0.000182
0.05-56-0.2,0.05,56,0.20,103,359,221,1,0.168,24.55,FALSE,0.05-56-0.2,0.1668,0.7562,0.923,0.00285,0.276,-0.191, 4.29e-01,0.00647,0.0158,0.1292,0.04174,0.000316
0.05-52-0.8,0.05,52,0.80, 68,272,164,1,0.212,11.44,FALSE,0.05-52-0.8,0.1773,0.7097,0.887,0.00560,0.264,-0.192, 3.58e-01,0.00817,0.0207,0.1257,0.02765,0.000362
0.05-52-0,0.05,52,0.00, 97,338,208,1,0.172,25.42,FALSE,0.05-52-0,0.1737,0.7462,0.923,0.00301,0.264,-0.192, 4.14e-01,0.00671,0.0162,0.1257,0.03330,0.000341
0.07-52-0.6,0.07,52,0.60, 98,374,224,1,0.176,21.51,FALSE,0.07-52-0.6,0.1777,0.7431,0.926,0.00278,0.257,-0.192, 4.09e-01,0.00617,0.0159,0.1257,0.05730,0.000284
0.05-60-0.6,0.05,60,0.60,109,411,250,1,0.168,26.17,FALSE,0.05-60-0.6,0.1787,0.7510,0.930,0.00293,0.256,-0.192, 4.21e-01,0.00635,0.0147,0.1535,0.05730,0.000316
0.2-16-0.8,0.20,16,0.80, 17, 55, 39,1,0.368, 5.61,FALSE,0.2-16-0.8,0.1670,0.3758,0.575,0.01764,0.794,-0.191,-4.94e-02,0.02162,0.0743,0.0161,0.00973,0.000637
0.12-60-0.85,0.12,60,0.85, 57,253,148,1,0.255,12.05,FALSE,0.12-60-0.85,0.1699,0.7153,0.889,0.00496,0.276,-0.191, 3.66e-01,0.00820,0.0210,0.1481,0.24511,0.000147
0.1-24-0.85,0.10,24,0.85, 21, 76, 45,1,0.366, 5.00,FALSE,0.1-24-0.85,0.1738,0.4357,0.609,0.01716,0.637,-0.192, 7.19e-03,0.01900,0.0447,0.0251,0.00430,0.000623
0.07-48-0.8,0.07,48,0.80, 65,238,141,1,0.207,11.59,FALSE,0.07-48-0.8,0.1832,0.7274,0.902,0.00544,0.249,-0.192, 3.85e-01,0.00863,0.0170,0.1118,0.03993,0.000285
0.14-36-0.7,0.14,36,0.70, 65,211,122,1,0.186,17.78,FALSE,0.14-36-0.7,0.1961,0.6779,0.879,0.00552,0.241,-0.193, 3.11e-01,0.00856,0.0228,0.0676,0.03993,0.000316
0.08-24-0.85,0.08,24,0.85, 25, 89, 55,1,0.345, 6.87,FALSE,0.08-24-0.85,0.1611,0.5203,0.691,0.01705,0.517,-0.190, 1.01e-01,0.01406,0.0341,0.0269,0.00837,0.000623
0.14-20-0.8,0.14,20,0.80, 22, 74, 50,1,0.344, 7.20,FALSE,0.14-20-0.8,0.2263,0.2936,0.521,0.01522,0.808,-0.190,-1.11e-01,0.02052,0.0724,0.0219,0.00973,0.000623
0.16-20-0.7,0.16,20,0.70, 31, 91, 60,1,0.249,10.16,FALSE,0.16-20-0.7,0.1957,0.4595,0.630,0.01500,0.522,-0.193, 3.20e-02,0.01596,0.0357,0.0219,0.01271,0.000623
0.2-32-0.8,0.20,32,0.80, 39,143, 85,1,0.267,10.78,FALSE,0.2-32-0.8,0.2072,0.6247,0.822,0.00950,0.255,-0.192, 2.35e-01,0.00917,0.0281,0.0539,0.02765,0.000284
0.12-48-0.65,0.12,48,0.65, 92,350,215,1,0.169,17.31,FALSE,0.12-48-0.65,0.1712,0.7449,0.915,0.00330,0.268,-0.191, 4.12e-01,0.00725,0.0163,0.1118,0.09881,0.000209
0.12-20-0.75,0.12,20,0.75, 30, 88, 59,1,0.254,10.40,FALSE,0.12-20-0.75,0.1763,0.5132,0.649,0.01465,0.483,-0.192, 9.25e-02,0.01436,0.0319,0.0219,0.01271,0.000623
0.18-16-0.75,0.18,16,0.75, 23, 65, 48,1,0.294, 8.55,FALSE,0.18-16-0.75,0.1544,0.3964,0.527,0.01463,0.789,-0.189,-3.09e-02,0.02087,0.0545,0.0199,0.00973,0.000663
0.18-20-0.8,0.18,20,0.80, 24, 78, 52,1,0.317, 8.09,FALSE,0.18-20-0.8,0.2185,0.3486,0.563,0.01307,0.692,-0.191,-7.20e-02,0.01787,0.0443,0.0219,0.01255,0.000623
0.05-24-0.85,0.05,24,0.85, 20, 69, 44,1,0.405, 6.62,FALSE,0.05-24-0.85,0.1480,0.4619,0.603,0.01747,0.668,-0.187, 3.46e-02,0.01869,0.0374,0.0269,0.00837,0.000847
0.05-48-0.85,0.05,48,0.85, 44,156, 84,1,0.249,14.39,FALSE,0.05-48-0.85,0.2207,0.6411,0.872,0.00602,0.215,-0.191, 2.58e-01,0.00791,0.0250,0.1118,0.02765,0.000368
0.09-48-0.8,0.09,48,0.80, 62,254,148,1,0.214,11.32,FALSE,0.09-48-0.8,0.2013,0.6940,0.897,0.00462,0.224,-0.193, 3.35e-01,0.00831,0.0191,0.1118,0.08504,0.000284
0.07-20-0.8,0.07,20,0.80, 19, 61, 47,1,0.359, 5.77,FALSE,0.07-20-0.8,0.1432,0.3255,0.496,0.02066,1.006,-0.186,-8.95e-02,0.02295,0.0730,0.0219,0.00973,0.000663
0.06-20-0.8,0.06,20,0.80, 19, 62, 48,1,0.372, 5.76,FALSE,0.06-20-0.8,0.1474,0.3494,0.474,0.02171,0.928,-0.187,-7.14e-02,0.02309,0.0681,0.0219,0.00973,0.000847
0.08-12-0.65,0.08,12,0.65, 23, 59, 44,1,0.288,12.06,FALSE,0.08-12-0.65,0.1224,0.4063,0.514,0.02414,0.881,-0.178,-2.17e-02,0.02482,0.0568,0.0135,0.00430,0.000747
0.18-28-0.8,0.18,28,0.80, 39,137, 79,1,0.267,11.71,FALSE,0.18-28-0.8,0.2286,0.5800,0.834,0.00896,0.252,-0.190, 1.75e-01,0.00901,0.0289,0.0384,0.02645,0.000362
0.2-20-0.8,0.20,20,0.80, 22, 73, 49,1,0.331, 7.18,FALSE,0.2-20-0.8,0.2206,0.3346,0.570,0.01139,0.720,-0.191,-8.28e-02,0.01656,0.0426,0.0219,0.01255,0.000623
0.1-40-0.8,0.10,40,0.80, 52,187,110,1,0.226,10.31,FALSE,0.1-40-0.8,0.1904,0.6925,0.879,0.00607,0.245,-0.193, 3.32e-01,0.00921,0.0208,0.0869,0.03373,0.000316
0.18-16-0.8,0.18,16,0.80, 18, 55, 42,1,0.366, 6.52,FALSE,0.18-16-0.8,0.1669,0.2471,0.425,0.02442,1.144,-0.191,-1.36e-01,0.03219,0.0834,0.0161,0.00973,0.000663
0.16-16-0.75,0.16,16,0.75, 25, 68, 51,1,0.268, 9.28,FALSE,0.16-16-0.75,0.1523,0.3577,0.501,0.01697,0.889,-0.188,-6.47e-02,0.02163,0.0584,0.0199,0.00973,0.000663
0.2-20-0.7,0.20,20,0.70, 29, 86, 58,1,0.256,10.89,FALSE,0.2-20-0.7,0.1938,0.4185,0.630,0.01461,0.610,-0.193,-9.95e-03,0.01444,0.0352,0.0219,0.01271,0.000623
0.2-16-0.7,0.20,16,0.70, 25, 71, 51,1,0.257, 9.49,FALSE,0.2-16-0.7,0.1840,0.4286,0.625,0.01349,0.620,-0.192, 2.86e-05,0.01701,0.0351,0.0199,0.00973,0.000637
0.18-20-0.4,0.18,20,0.40, 33, 92, 61,1,0.230,13.71,FALSE,0.18-20-0.4,0.1849,0.4824,0.648,0.01413,0.511,-0.193, 5.71e-02,0.01403,0.0317,0.0219,0.01271,0.000623
0.16-12-0.8,0.16,12,0.80, 15, 46, 33,1,0.388, 4.70,FALSE,0.16-12-0.8,0.0809,0.1820,0.245,0.01643,1.712,-0.151,-1.56e-01,0.04934,0.0893,0.0135,0.00736,0.000747
0.08-24-0.65,0.08,24,0.65, 40,124, 78,1,0.248,15.56,FALSE,0.08-24-0.65,0.1757,0.6470,0.809,0.01016,0.308,-0.192, 2.66e-01,0.01075,0.0277,0.0269,0.01271,0.000558
0.18-12-0.8,0.18,12,0.80, 16, 47, 34,1,0.401, 6.38,FALSE,0.18-12-0.8,0.0925,0.1748,0.275,0.02037,1.686,-0.160,-1.57e-01,0.04727,0.0847,0.0135,0.00736,0.000747
0.16-32-0.8,0.16,32,0.80, 43,148, 85,1,0.267,11.04,FALSE,0.16-32-0.8,0.2200,0.6144,0.830,0.00948,0.237,-0.191, 2.21e-01,0.00973,0.0269,0.0539,0.02860,0.000362
0.05-40-0.8,0.05,40,0.80, 54,189,109,1,0.214,13.06,FALSE,0.05-40-0.8,0.2017,0.6666,0.876,0.00612,0.236,-0.192, 2.94e-01,0.00837,0.0238,0.0869,0.02324,0.000529
0.16-16-0.8,0.16,16,0.80, 17, 54, 41,1,0.356, 4.81,FALSE,0.16-16-0.8,0.1775,0.2667,0.416,0.02522,1.047,-0.192,-1.27e-01,0.03271,0.0697,0.0161,0.00973,0.000663
0.12-16-0.8,0.12,16,0.80, 17, 52, 37,1,0.375, 4.89,FALSE,0.12-16-0.8,0.0933,0.2233,0.311,0.02490,1.514,-0.161,-1.46e-01,0.03309,0.0807,0.0199,0.00736,0.000663
0.16-36-0.7,0.16,36,0.70, 66,225,131,1,0.183,16.31,FALSE,0.16-36-0.7,0.2266,0.6351,0.855,0.00432,0.207,-0.190, 2.50e-01,0.00773,0.0246,0.0676,0.05567,0.000316
0.09-16-0.8,0.09,16,0.80, 15, 48, 35,1,0.401, 5.51,FALSE,0.09-16-0.8,0.0644,0.0875,0.160,0.01570,2.168,-0.135,-1.39e-01,0.04612,0.0860,0.0161,0.00430,0.000847
0.08-20-0.8,0.08,20,0.80, 20, 63, 49,1,0.346, 5.84,FALSE,0.08-20-0.8,0.1525,0.3165,0.470,0.02278,0.996,-0.188,-9.59e-02,0.02464,0.0560,0.0219,0.00973,0.000639
0.08-24-0.8,0.08,24,0.80, 29,103, 66,1,0.317, 8.70,FALSE,0.08-24-0.8,0.1802,0.4873,0.664,0.01254,0.516,-0.192, 6.26e-02,0.01336,0.0313,0.0269,0.00973,0.000623
0.09-20-0.75,0.09,20,0.75, 28, 79, 61,1,0.274,10.55,FALSE,0.09-20-0.75,0.1350,0.3775,0.529,0.01590,0.903,-0.183,-4.79e-02,0.01799,0.0470,0.0219,0.00973,0.000639
0.06-24-0.8,0.06,24,0.80, 23, 82, 57,1,0.372, 7.65,FALSE,0.06-24-0.8,0.1547,0.4145,0.572,0.01279,0.746,-0.189,-1.38e-02,0.01611,0.0362,0.0269,0.00973,0.000639
0.16-20-0.4,0.16,20,0.40, 34, 94, 62,1,0.225,12.82,FALSE,0.16-20-0.4,0.1899,0.4726,0.664,0.01520,0.514,-0.193, 4.62e-02,0.01466,0.0314,0.0219,0.01271,0.000623
0.1-24-0.8,0.10,24,0.80, 28,100, 65,1,0.329, 7.81,FALSE,0.1-24-0.8,0.1930,0.4003,0.590,0.01314,0.652,-0.193,-2.73e-02,0.01562,0.0349,0.0269,0.00973,0.000623
0.08-16-0.8,0.08,16,0.80, 17, 53, 40,1,0.369, 4.88,FALSE,0.08-16-0.8,0.0710,0.1116,0.157,0.01554,2.032,-0.142,-1.50e-01,0.04543,0.0785,0.0161,0.00736,0.000847
0.2-12-0.75,0.20,12,0.75, 19, 51, 39,1,0.316, 8.30,FALSE,0.2-12-0.75,0.0830,0.2747,0.350,0.02301,1.396,-0.153,-1.22e-01,0.03219,0.0694,0.0135,0.00736,0.000663
0.05-12-0,0.05,12,0.00, 22, 55, 41,1,0.278,12.02,FALSE,0.05-12-0,0.1408,0.4929,0.601,0.02058,0.631,-0.185, 6.89e-02,0.02142,0.0316,0.0135,0.00430,0.001441
0.09-24-0.8,0.09,24,0.80, 26, 96, 60,1,0.343, 7.66,FALSE,0.09-24-0.8,0.1958,0.4509,0.642,0.01405,0.538,-0.193, 2.29e-02,0.01465,0.0315,0.0269,0.00973,0.000623
0.07-28-0.8,0.07,28,0.80, 32,116, 71,1,0.305,10.38,FALSE,0.07-28-0.8,0.1948,0.5458,0.735,0.01362,0.379,-0.193, 1.32e-01,0.01234,0.0295,0.0307,0.00973,0.000623
0.06-16-0.8,0.06,16,0.80, 16, 51, 38,1,0.387, 4.80,FALSE,0.06-16-0.8,0.0643,0.0775,0.136,0.01351,2.214,-0.135,-1.33e-01,0.04521,0.0827,0.0161,0.00736,0.000847
0.18-40-0.7,0.18,40,0.70, 72,266,154,1,0.179,15.40,FALSE,0.18-40-0.7,0.1943,0.6988,0.892,0.00344,0.235,-0.193, 3.42e-01,0.00739,0.0192,0.0872,0.08431,0.000229
0.06-56-0.7,0.06,56,0.70, 97,387,234,1,0.175,19.39,FALSE,0.06-56-0.7,0.1723,0.7351,0.910,0.00373,0.267,-0.192, 3.97e-01,0.00675,0.0169,0.1292,0.08431,0.000284
0.05-52-0.6,0.05,52,0.60, 94,335,206,1,0.176,22.48,FALSE,0.05-52-0.6,0.1667,0.7531,0.913,0.00286,0.276,-0.191, 4.25e-01,0.00708,0.0154,0.1257,0.03330,0.000341
0.09-20-0.5,0.09,20,0.50, 31, 84, 66,1,0.250,13.33,FALSE,0.09-20-0.5,0.1456,0.3465,0.519,0.01789,0.942,-0.186,-7.37e-02,0.01870,0.0450,0.0219,0.00973,0.000639
0.05-16-0.8,0.05,16,0.80, 17, 51, 40,1,0.350, 5.71,FALSE,0.05-16-0.8,0.0736,0.0913,0.148,0.01337,2.106,-0.144,-1.41e-01,0.04344,0.0741,0.0161,0.00736,0.001498
0.09-20-0.8,0.09,20,0.80, 17, 57, 44,1,0.391, 5.59,FALSE,0.09-20-0.8,0.1568,0.1848,0.391,0.02881,1.385,-0.189,-1.55e-01,0.03124,0.0631,0.0219,0.00973,0.000639
0.16-56-0.85,0.16,56,0.85, 49,221,130,1,0.273,10.90,FALSE,0.16-56-0.85,0.1995,0.6759,0.870,0.00642,0.235,-0.193, 3.08e-01,0.00915,0.0215,0.1256,0.24511,0.000157
0.1-20-0.8,0.10,20,0.80, 22, 69, 51,1,0.328, 6.76,FALSE,0.1-20-0.8,0.1442,0.3053,0.442,0.02419,1.058,-0.186,-1.04e-01,0.02422,0.0527,0.0219,0.00973,0.000637
0.09-24-0.75,0.09,24,0.75, 36,116, 72,1,0.273,12.61,FALSE,0.09-24-0.75,0.1829,0.6142,0.783,0.01079,0.323,-0.192, 2.21e-01,0.01120,0.0279,0.0269,0.01271,0.000558
0.2-12-0.7,0.20,12,0.70, 21, 55, 43,1,0.280, 9.29,FALSE,0.2-12-0.7,0.0780,0.2448,0.327,0.02253,1.512,-0.149,-1.37e-01,0.03242,0.0568,0.0135,0.00736,0.000663
0.18-52-0.3,0.18,52,0.30,101,398,242,1,0.174,20.51,FALSE,0.18-52-0.3,0.1535,0.7390,0.888,0.00398,0.302,-0.188, 4.03e-01,0.00750,0.0191,0.1257,0.15658,0.000157
0.18-52-0.85,0.18,52,0.85, 48,219,129,1,0.273, 9.98,FALSE,0.18-52-0.85,0.1966,0.6595,0.866,0.00632,0.251,-0.193, 2.84e-01,0.00926,0.0248,0.1256,0.15658,0.000157
0.05-12-0.75,0.05,12,0.75, 20, 52, 39,1,0.317,10.12,FALSE,0.05-12-0.75,0.1317,0.4439,0.541,0.02218,0.762,-0.182, 1.56e-02,0.02371,0.0321,0.0135,0.00430,0.001441
0.2-16-0,0.20,16,0.00, 30, 77, 54,1,0.212,13.36,FALSE,0.2-16-0,0.1778,0.4775,0.637,0.01612,0.542,-0.192, 5.16e-02,0.01662,0.0305,0.0199,0.00973,0.000637
0.1-24-0.7,0.10,24,0.70, 37,117, 73,1,0.265,13.59,FALSE,0.1-24-0.7,0.1698,0.5452,0.716,0.01209,0.450,-0.191, 1.31e-01,0.01158,0.0285,0.0269,0.01271,0.000558
0.06-56-0.8,0.06,56,0.80, 69,303,179,1,0.212,10.53,FALSE,0.06-56-0.8,0.1652,0.7162,0.873,0.00525,0.285,-0.191, 3.68e-01,0.00784,0.0205,0.1292,0.05730,0.000284
0.08-24-0.7,0.08,24,0.70, 38,120, 74,1,0.256,14.51,FALSE,0.08-24-0.7,0.1795,0.6028,0.805,0.01157,0.344,-0.192, 2.06e-01,0.01027,0.0277,0.0269,0.01271,0.000558
0.05-32-0.8,0.05,32,0.80, 35,119, 76,1,0.287,13.92,FALSE,0.05-32-0.8,0.1806,0.6222,0.795,0.01414,0.320,-0.192, 2.32e-01,0.01136,0.0271,0.0539,0.01271,0.000637
0.06-40-0.8,0.06,40,0.80, 53,185,106,1,0.218,13.19,FALSE,0.06-40-0.8,0.1923,0.6901,0.887,0.00633,0.242,-0.193, 3.29e-01,0.00861,0.0203,0.0869,0.02645,0.000368
0.18-20-0,0.18,20,0.00, 34, 93, 62,1,0.223,14.64,FALSE,0.18-20-0,0.1865,0.4838,0.651,0.01385,0.504,-0.193, 5.86e-02,0.01440,0.0297,0.0219,0.01271,0.000623
0.05-52-0.75,0.05,52,0.75, 84,313,192,1,0.191,16.59,FALSE,0.05-52-0.75,0.1714,0.7364,0.909,0.00315,0.268,-0.191, 3.99e-01,0.00742,0.0165,0.1257,0.02875,0.000341
0.14-28-0.8,0.14,28,0.80, 41,135, 74,1,0.269,14.40,FALSE,0.14-28-0.8,0.2304,0.5680,0.826,0.00891,0.262,-0.189, 1.60e-01,0.00925,0.0267,0.0384,0.02506,0.000380
0.18-44-0.7,0.18,44,0.70, 81,316,190,1,0.184,15.50,FALSE,0.18-44-0.7,0.1820,0.7248,0.905,0.00376,0.251,-0.192, 3.81e-01,0.00720,0.0166,0.1008,0.09881,0.000197
0.1-16-0.8,0.10,16,0.80, 17, 52, 39,1,0.369, 4.89,FALSE,0.1-16-0.8,0.0697,0.0648,0.136,0.01139,2.247,-0.141,-1.22e-01,0.04487,0.0545,0.0161,0.00736,0.000663
0.18-44-0.8,0.18,44,0.80, 57,249,151,1,0.227, 9.40,FALSE,0.18-44-0.8,0.1890,0.6795,0.869,0.00490,0.254,-0.193, 3.13e-01,0.00820,0.0224,0.1000,0.09140,0.000197
0.14-44-0.7,0.14,44,0.70, 84,326,196,1,0.181,16.23,FALSE,0.14-44-0.7,0.1785,0.7224,0.902,0.00342,0.258,-0.192, 3.77e-01,0.00723,0.0171,0.1008,0.09140,0.000229
0.06-28-0.75,0.06,28,0.75, 46,148, 86,1,0.256,18.28,FALSE,0.06-28-0.75,0.2074,0.6569,0.861,0.00786,0.231,-0.192, 2.81e-01,0.00866,0.0228,0.0384,0.01271,0.000558
0.09-36-0.8,0.09,36,0.80, 47,169, 96,1,0.240, 9.31,FALSE,0.09-36-0.8,0.1970,0.6864,0.880,0.00708,0.235,-0.193, 3.23e-01,0.00913,0.0199,0.0676,0.02765,0.000362
0.14-48-0.7,0.14,48,0.70, 88,348,213,1,0.175,15.33,FALSE,0.14-48-0.7,0.1698,0.7284,0.899,0.00330,0.272,-0.191, 3.86e-01,0.00746,0.0174,0.1118,0.11194,0.000209
0.18-32-0.8,0.18,32,0.80, 40,142, 83,1,0.268,11.73,FALSE,0.18-32-0.8,0.2123,0.6064,0.815,0.01065,0.261,-0.192, 2.10e-01,0.00939,0.0258,0.0539,0.02765,0.000316
0.12-12-0.75,0.12,12,0.75, 23, 56, 41,1,0.269,11.68,FALSE,0.12-12-0.75,0.1181,0.3209,0.480,0.02354,1.115,-0.176,-9.28e-02,0.02442,0.0367,0.0135,0.00561,0.000747
0.14-20-0.75,0.14,20,0.75, 30, 87, 58,1,0.257,11.63,FALSE,0.14-20-0.75,0.1934,0.3993,0.609,0.01428,0.653,-0.193,-2.82e-02,0.01512,0.0305,0.0219,0.01271,0.000623
0.12-40-0.65,0.12,40,0.65, 77,269,166,1,0.174,19.11,FALSE,0.12-40-0.65,0.1841,0.7170,0.903,0.00377,0.249,-0.193, 3.69e-01,0.00791,0.0170,0.0872,0.05567,0.000284
0.07-56-0.7,0.07,56,0.70, 99,389,233,1,0.174,20.38,FALSE,0.07-56-0.7,0.1691,0.7380,0.907,0.00364,0.272,-0.191, 4.01e-01,0.00691,0.0163,0.1292,0.08504,0.000229
0.1-52-0.75,0.10,52,0.75, 87,363,220,1,0.190,15.28,FALSE,0.1-52-0.75,0.1633,0.7326,0.896,0.00419,0.284,-0.190, 3.93e-01,0.00778,0.0175,0.1257,0.11194,0.000209
0.2-48-0.75,0.20,48,0.75, 82,336,207,1,0.183,14.51,FALSE,0.2-48-0.75,0.1741,0.7251,0.903,0.00405,0.265,-0.192, 3.81e-01,0.00734,0.0171,0.1118,0.12388,0.000173
0.18-48-0.3,0.18,48,0.30, 93,353,216,1,0.169,18.53,FALSE,0.18-48-0.3,0.1747,0.7275,0.902,0.00285,0.264,-0.192, 3.85e-01,0.00741,0.0167,0.1118,0.12388,0.000179
0.08-56-0.85,0.08,56,0.85, 54,245,146,1,0.260,10.16,FALSE,0.08-56-0.85,0.1793,0.7031,0.879,0.00591,0.262,-0.192, 3.48e-01,0.00930,0.0198,0.1256,0.11194,0.000221
0.16-48-0.65,0.16,48,0.65, 91,351,215,1,0.172,16.58,FALSE,0.16-48-0.65,0.1641,0.7426,0.903,0.00407,0.280,-0.190, 4.08e-01,0.00734,0.0164,0.1118,0.12388,0.000197
0.16-48-0.85,0.16,48,0.85, 39,166, 97,1,0.279, 9.83,FALSE,0.16-48-0.85,0.2147,0.6299,0.845,0.00450,0.235,-0.191, 2.43e-01,0.00907,0.0244,0.1118,0.11194,0.000197
0.14-36-0.4,0.14,36,0.40, 68,217,128,1,0.180,18.79,FALSE,0.14-36-0.4,0.2034,0.6970,0.895,0.00523,0.220,-0.192, 3.39e-01,0.00860,0.0168,0.0676,0.03993,0.000316
0.05-36-0.8,0.05,36,0.80, 42,149, 87,1,0.241,10.95,FALSE,0.05-36-0.8,0.1840,0.6397,0.821,0.00847,0.294,-0.192, 2.56e-01,0.00852,0.0248,0.0676,0.01503,0.000537
0.05-24-0.8,0.05,24,0.80, 26, 90, 62,1,0.343, 9.37,FALSE,0.05-24-0.8,0.1519,0.3901,0.545,0.01372,0.812,-0.188,-3.67e-02,0.01765,0.0308,0.0269,0.00973,0.000847
0.16-36-0.65,0.16,36,0.65, 69,231,137,1,0.177,17.32,FALSE,0.16-36-0.65,0.2199,0.6607,0.879,0.00302,0.205,-0.191, 2.86e-01,0.00775,0.0200,0.0676,0.05567,0.000316
0.12-12-0.7,0.12,12,0.70, 24, 58, 43,1,0.253,12.61,FALSE,0.12-12-0.7,0.1290,0.3303,0.489,0.02413,1.047,-0.181,-8.60e-02,0.02469,0.0317,0.0135,0.00561,0.000747
0.18-48-0,0.18,48,0.00, 94,354,217,1,0.168,19.51,FALSE,0.18-48-0,0.1669,0.7425,0.909,0.00344,0.275,-0.191, 4.08e-01,0.00700,0.0157,0.1118,0.12388,0.000179
0.18-36-0,0.18,36,0.00, 71,236,142,1,0.172,19.25,FALSE,0.18-36-0,0.2009,0.6632,0.869,0.00460,0.240,-0.193, 2.90e-01,0.00809,0.0221,0.0676,0.05567,0.000284
0.09-56-0.85,0.09,56,0.85, 48,215,126,1,0.260, 9.98,FALSE,0.09-56-0.85,0.1652,0.7055,0.867,0.00604,0.290,-0.191, 3.52e-01,0.00975,0.0209,0.1292,0.11194,0.000197
0.06-60-0.3,0.06,60,0.30,113,443,277,1,0.166,28.10,FALSE,0.06-60-0.3,0.1432,0.7658,0.913,0.00428,0.318,-0.186, 4.45e-01,0.00676,0.0158,0.1535,0.09140,0.000244
0.06-24-0.7,0.06,24,0.70, 37,115, 78,1,0.266,16.01,FALSE,0.06-24-0.7,0.1505,0.5350,0.700,0.01489,0.525,-0.188, 1.19e-01,0.01368,0.0262,0.0269,0.00973,0.000639
0.07-60-0.65,0.07,60,0.65,111,440,272,1,0.168,25.20,FALSE,0.07-60-0.65,0.1391,0.7729,0.910,0.00403,0.325,-0.184, 4.56e-01,0.00713,0.0151,0.1535,0.11194,0.000203
0.12-52-0.85,0.12,52,0.85, 48,208,120,1,0.269,10.05,FALSE,0.12-52-0.85,0.1610,0.7234,0.886,0.00438,0.291,-0.190, 3.79e-01,0.00835,0.0190,0.1256,0.11194,0.000182
0.07-24-0.8,0.07,24,0.80, 29,100, 67,1,0.321,10.23,FALSE,0.07-24-0.8,0.1642,0.4654,0.618,0.01552,0.608,-0.190, 3.84e-02,0.01541,0.0267,0.0269,0.00973,0.000637
0.16-36-0,0.16,36,0.00, 70,232,138,1,0.175,18.29,FALSE,0.16-36-0,0.2178,0.6602,0.875,0.00352,0.209,-0.191, 2.85e-01,0.00797,0.0198,0.0676,0.05567,0.000316
0.1-24-0.75,0.10,24,0.75, 36,114, 71,1,0.275,12.65,FALSE,0.1-24-0.75,0.1702,0.5387,0.714,0.01295,0.459,-0.191, 1.23e-01,0.01156,0.0254,0.0269,0.01271,0.000558
0.12-52-0.65,0.12,52,0.65, 96,392,242,1,0.178,17.28,FALSE,0.12-52-0.65,0.1498,0.7507,0.894,0.00346,0.307,-0.188, 4.21e-01,0.00745,0.0165,0.1257,0.12388,0.000182
0.1-16-0.65,0.10,16,0.65, 28, 72, 54,1,0.250,12.39,FALSE,0.1-16-0.65,0.1158,0.3752,0.477,0.02227,0.981,-0.175,-4.99e-02,0.02136,0.0302,0.0199,0.00777,0.000663
0.16-60-0.4,0.16,60,0.40,112,447,270,1,0.168,20.69,FALSE,0.16-60-0.4,0.1538,0.7310,0.885,0.00402,0.304,-0.188, 3.90e-01,0.00729,0.0185,0.1535,0.33795,0.000137
0.1-12-0.75,0.10,12,0.75, 21, 54, 39,1,0.321,11.05,FALSE,0.1-12-0.75,0.1231,0.3413,0.465,0.02199,1.040,-0.178,-7.77e-02,0.02472,0.0304,0.0135,0.00430,0.000747
0.08-16-0.7,0.08,16,0.70, 27, 72, 54,1,0.259,11.42,FALSE,0.08-16-0.7,0.1317,0.4474,0.556,0.02095,0.755,-0.182, 1.92e-02,0.02105,0.0276,0.0199,0.00736,0.000747
0.1-20-0.75,0.10,20,0.75, 28, 81, 58,1,0.273,10.54,FALSE,0.1-20-0.75,0.1647,0.4781,0.621,0.01640,0.582,-0.191, 5.23e-02,0.01509,0.0264,0.0219,0.00973,0.000637
0.14-32-0.8,0.14,32,0.80, 44,150, 85,1,0.259,10.20,FALSE,0.14-32-0.8,0.2066,0.6049,0.806,0.00992,0.276,-0.192, 2.08e-01,0.00995,0.0244,0.0539,0.02765,0.000362
0.09-24-0.5,0.09,24,0.50, 40,128, 81,1,0.253,15.29,FALSE,0.09-24-0.5,0.1799,0.6401,0.806,0.01037,0.304,-0.192, 2.57e-01,0.01137,0.0242,0.0269,0.01271,0.000558
0.08-24-0.75,0.08,24,0.75, 37,117, 72,1,0.266,13.56,FALSE,0.08-24-0.75,0.1772,0.6359,0.806,0.01010,0.314,-0.192, 2.51e-01,0.01031,0.0243,0.0269,0.01271,0.000558
0.06-52-0.8,0.06,52,0.80, 64,269,161,1,0.220, 9.55,FALSE,0.06-52-0.8,0.1770,0.7028,0.880,0.00440,0.267,-0.192, 3.48e-01,0.00820,0.0194,0.1257,0.05567,0.000316
0.16-48-0.25,0.16,48,0.25, 92,352,216,1,0.170,17.55,FALSE,0.16-48-0.25,0.1701,0.7284,0.899,0.00312,0.272,-0.191, 3.86e-01,0.00744,0.0165,0.1118,0.12388,0.000197
0.09-56-0.65,0.09,56,0.65,100,411,254,1,0.180,20.19,FALSE,0.09-56-0.65,0.1456,0.7475,0.887,0.00489,0.316,-0.186, 4.16e-01,0.00760,0.0174,0.1357,0.12388,0.000197
0.14-12-0.7,0.14,12,0.70, 24, 60, 45,1,0.250,10.91,FALSE,0.14-12-0.7,0.1175,0.3409,0.443,0.02328,1.063,-0.176,-7.80e-02,0.02651,0.0300,0.0135,0.00736,0.000747
0.12-56-0.85,0.12,56,0.85, 52,228,132,1,0.258,11.06,FALSE,0.12-56-0.85,0.1526,0.7257,0.871,0.00390,0.308,-0.188, 3.82e-01,0.00844,0.0195,0.1292,0.15658,0.000173
0.06-16-0.75,0.06,16,0.75, 26, 70, 52,1,0.274,10.49,FALSE,0.06-16-0.75,0.1331,0.4614,0.544,0.02249,0.720,-0.182, 3.41e-02,0.02109,0.0267,0.0199,0.00736,0.000747
0.12-16-0.75,0.12,16,0.75, 26, 67, 49,1,0.257,11.07,FALSE,0.12-16-0.75,0.1317,0.4071,0.511,0.02098,0.844,-0.182,-2.09e-02,0.02128,0.0280,0.0199,0.00736,0.000663
0.07-60-0,0.07,60,0.00,114,446,276,1,0.163,26.20,FALSE,0.07-60-0,0.1466,0.7624,0.913,0.00333,0.311,-0.187, 4.39e-01,0.00709,0.0152,0.1535,0.11194,0.000203
0.09-52-0.65,0.09,52,0.65, 97,393,240,1,0.177,19.22,FALSE,0.09-52-0.65,0.1503,0.7524,0.904,0.00385,0.305,-0.188, 4.23e-01,0.00730,0.0159,0.1257,0.11194,0.000221
0.06-24-0.65,0.06,24,0.65, 40,120, 83,1,0.256,19.41,FALSE,0.06-24-0.65,0.1481,0.5503,0.692,0.01494,0.507,-0.187, 1.38e-01,0.01442,0.0249,0.0269,0.00973,0.000639
0.09-52-0.4,0.09,52,0.40,100,404,247,1,0.173,20.07,FALSE,0.09-52-0.4,0.1602,0.7395,0.902,0.00416,0.288,-0.190, 4.03e-01,0.00740,0.0162,0.1257,0.11194,0.000221
0.05-56-0.6,0.05,56,0.60,101,357,219,1,0.169,22.58,FALSE,0.05-56-0.6,0.1693,0.7398,0.915,0.00325,0.271,-0.191, 4.04e-01,0.00656,0.0149,0.1292,0.04174,0.000316
0.14-48-0,0.14,48,0.00, 94,359,221,1,0.168,18.26,FALSE,0.14-48-0,0.1673,0.7315,0.900,0.00398,0.276,-0.191, 3.91e-01,0.00756,0.0162,0.1118,0.11194,0.000209
0.05-24-0.75,0.05,24,0.75, 37,114, 77,1,0.275,16.56,FALSE,0.05-24-0.75,0.1486,0.5540,0.697,0.01543,0.500,-0.187, 1.42e-01,0.01399,0.0247,0.0269,0.00973,0.000747
0.1-24-0.45,0.10,24,0.45, 41,127, 81,1,0.250,16.30,FALSE,0.1-24-0.45,0.1746,0.6102,0.770,0.01299,0.348,-0.192, 2.16e-01,0.01200,0.0239,0.0269,0.01271,0.000558
0.12-60-0.8,0.12,60,0.80, 77,345,209,1,0.205,10.57,FALSE,0.12-60-0.8,0.1477,0.7267,0.868,0.00517,0.319,-0.187, 3.84e-01,0.00871,0.0195,0.1481,0.24511,0.000147
0.16-48-0.8,0.16,48,0.80, 64,273,167,1,0.218,11.41,FALSE,0.16-48-0.8,0.1694,0.6976,0.871,0.00494,0.285,-0.191, 3.40e-01,0.00857,0.0206,0.1118,0.12388,0.000197
0.18-36-0.75,0.18,36,0.75, 61,217,128,1,0.192,14.84,FALSE,0.18-36-0.75,0.2118,0.6443,0.856,0.00440,0.230,-0.192, 2.63e-01,0.00780,0.0217,0.0676,0.05567,0.000284
0.06-24-0.75,0.06,24,0.75, 35,111, 75,1,0.285,14.08,FALSE,0.06-24-0.75,0.1461,0.5336,0.693,0.01507,0.541,-0.187, 1.17e-01,0.01323,0.0245,0.0269,0.00973,0.000639
0.05-56-0.8,0.05,56,0.80, 72,288,175,1,0.205,11.50,FALSE,0.05-56-0.8,0.1609,0.7089,0.862,0.00603,0.298,-0.190, 3.57e-01,0.00874,0.0200,0.1292,0.03993,0.000316
0.2-60-0.35,0.20,60,0.35,115,457,277,1,0.164,22.63,FALSE,0.2-60-0.35,0.1645,0.7165,0.879,0.00397,0.287,-0.191, 3.68e-01,0.00745,0.0183,0.1535,0.33795,0.000109
0.09-20-0.65,0.09,20,0.65, 30, 82, 64,1,0.252,12.45,FALSE,0.09-20-0.65,0.1397,0.3919,0.533,0.01507,0.851,-0.185,-3.51e-02,0.01834,0.0265,0.0219,0.00973,0.000639
0.07-24-0.75,0.07,24,0.75, 36,114, 74,1,0.271,14.12,FALSE,0.07-24-0.75,0.1669,0.6205,0.773,0.01369,0.357,-0.191, 2.30e-01,0.01205,0.0233,0.0269,0.00973,0.000637
0.16-48-0.7,0.16,48,0.70, 86,341,208,1,0.177,14.58,FALSE,0.16-48-0.7,0.1652,0.7280,0.897,0.00338,0.281,-0.191, 3.86e-01,0.00749,0.0166,0.1118,0.12388,0.000197
0.16-52-0.65,0.16,52,0.65, 96,382,231,1,0.178,16.58,FALSE,0.16-52-0.65,0.1560,0.7413,0.891,0.00337,0.296,-0.189, 4.06e-01,0.00741,0.0160,0.1257,0.15658,0.000179
0.14-60-0.75,0.14,60,0.75, 98,408,244,1,0.181,15.51,FALSE,0.14-60-0.75,0.1614,0.7212,0.879,0.00415,0.291,-0.190, 3.75e-01,0.00739,0.0178,0.1481,0.30966,0.000147
0.08-24-0.55,0.08,24,0.55, 41,129, 81,1,0.247,16.26,FALSE,0.08-24-0.55,0.1830,0.6445,0.826,0.01003,0.293,-0.192, 2.63e-01,0.01051,0.0222,0.0269,0.01271,0.000558
0.07-24-0.65,0.07,24,0.65, 39,121, 80,1,0.252,16.99,FALSE,0.07-24-0.65,0.1746,0.5994,0.780,0.01402,0.361,-0.192, 2.01e-01,0.01237,0.0229,0.0269,0.00973,0.000637
0.16-52-0.7,0.16,52,0.70, 91,371,223,1,0.183,14.60,FALSE,0.16-52-0.7,0.1567,0.7299,0.881,0.00394,0.298,-0.189, 3.89e-01,0.00761,0.0172,0.1257,0.15658,0.000179
0.05-16-0.75,0.05,16,0.75, 25, 66, 50,1,0.265,10.46,FALSE,0.05-16-0.75,0.1399,0.4043,0.557,0.02219,0.821,-0.185,-2.36e-02,0.02039,0.0256,0.0199,0.00736,0.000876
0.2-36-0.65,0.20,36,0.65, 69,233,140,1,0.173,17.31,FALSE,0.2-36-0.65,0.1942,0.6659,0.857,0.00536,0.252,-0.193, 2.93e-01,0.00813,0.0207,0.0676,0.05567,0.000284
0.12-16-0,0.12,16,0.00, 29, 71, 53,1,0.225,13.86,FALSE,0.12-16-0,0.1303,0.3868,0.509,0.02194,0.898,-0.181,-3.97e-02,0.02160,0.0261,0.0199,0.00861,0.000663
0.06-60-0.5,0.06,60,0.50,111,439,275,1,0.169,27.10,FALSE,0.06-60-0.5,0.1442,0.7645,0.909,0.00328,0.316,-0.186, 4.42e-01,0.00690,0.0146,0.1535,0.09140,0.000244
0.07-24-0,0.07,24,0.00, 41,123, 82,1,0.239,18.94,FALSE,0.07-24-0,0.1610,0.5927,0.741,0.01378,0.407,-0.190, 1.92e-01,0.01293,0.0228,0.0269,0.00973,0.000637
0.07-24-0.6,0.07,24,0.60, 40,122, 81,1,0.245,17.96,FALSE,0.07-24-0.6,0.1674,0.5902,0.768,0.01383,0.392,-0.191, 1.89e-01,0.01244,0.0227,0.0269,0.00973,0.000637
0.06-60-0.55,0.06,60,0.55,110,435,271,1,0.171,26.13,FALSE,0.06-60-0.55,0.1488,0.7603,0.913,0.00346,0.307,-0.187, 4.36e-01,0.00683,0.0144,0.1535,0.09140,0.000244
0.06-52-0.75,0.06,52,0.75, 84,329,201,1,0.189,13.67,FALSE,0.06-52-0.75,0.1640,0.7303,0.899,0.00379,0.283,-0.190, 3.89e-01,0.00709,0.0159,0.1257,0.05567,0.000316
0.05-24-0.7,0.05,24,0.70, 38,117, 79,1,0.264,17.51,FALSE,0.05-24-0.7,0.1476,0.5681,0.698,0.01624,0.481,-0.187, 1.60e-01,0.01402,0.0227,0.0269,0.00973,0.000747
0.14-36-0.8,0.14,36,0.80, 48,171, 98,1,0.238,10.22,FALSE,0.14-36-0.8,0.1919,0.6305,0.824,0.00997,0.284,-0.193, 2.43e-01,0.00973,0.0218,0.0676,0.03993,0.000316
0.06-60-0.65,0.06,60,0.65,109,433,269,1,0.172,26.12,FALSE,0.06-60-0.65,0.1406,0.7695,0.907,0.00418,0.323,-0.185, 4.50e-01,0.00690,0.0138,0.1535,0.09140,0.000244
0.05-20-0.65,0.05,20,0.65, 32, 83, 64,1,0.248,15.73,FALSE,0.05-20-0.65,0.1265,0.4704,0.574,0.02227,0.725,-0.180, 4.38e-02,0.01941,0.0242,0.0219,0.00837,0.000847
0.1-52-0.7,0.10,52,0.70, 90,373,228,1,0.184,16.27,FALSE,0.1-52-0.7,0.1585,0.7343,0.891,0.00423,0.293,-0.189, 3.95e-01,0.00769,0.0162,0.1257,0.11194,0.000209
0.1-60-0.65,0.10,60,0.65,109,433,270,1,0.172,25.88,FALSE,0.1-60-0.65,0.1438,0.7480,0.886,0.00478,0.320,-0.186, 4.17e-01,0.00769,0.0162,0.1535,0.15658,0.000175
0.09-20-0.7,0.09,20,0.70, 29, 81, 63,1,0.260,11.49,FALSE,0.09-20-0.7,0.1441,0.4082,0.548,0.01673,0.797,-0.186,-1.99e-02,0.01823,0.0244,0.0219,0.00973,0.000639
0.12-16-0.7,0.12,16,0.70, 27, 69, 51,1,0.243,11.98,FALSE,0.12-16-0.7,0.1345,0.4085,0.545,0.01967,0.831,-0.183,-1.96e-02,0.02125,0.0244,0.0199,0.00736,0.000663
0.1-12-0.7,0.10,12,0.70, 23, 58, 43,1,0.288,12.07,FALSE,0.1-12-0.7,0.1073,0.3228,0.426,0.02422,1.153,-0.170,-9.15e-02,0.02530,0.0252,0.0135,0.00430,0.000747
0.06-20-0.75,0.06,20,0.75, 30, 83, 64,1,0.271,12.37,FALSE,0.06-20-0.75,0.1426,0.4630,0.602,0.01754,0.684,-0.186, 3.58e-02,0.01623,0.0236,0.0219,0.00973,0.000747
0.06-60-0.7,0.06,60,0.70,104,423,264,1,0.176,24.12,FALSE,0.06-60-0.7,0.1440,0.7524,0.904,0.00438,0.318,-0.186, 4.23e-01,0.00713,0.0153,0.1535,0.09140,0.000284
0.12-52-0.7,0.12,52,0.70, 91,382,235,1,0.183,15.31,FALSE,0.12-52-0.7,0.1524,0.7415,0.887,0.00460,0.303,-0.188, 4.07e-01,0.00745,0.0158,0.1257,0.12388,0.000182
0.05-28-0.65,0.05,28,0.65, 47,139, 90,1,0.241,20.96,FALSE,0.05-28-0.65,0.1534,0.5721,0.731,0.01466,0.458,-0.188, 1.65e-01,0.01306,0.0220,0.0384,0.01271,0.000663
0.09-52-0.7,0.09,52,0.70, 93,384,234,1,0.180,18.21,FALSE,0.09-52-0.7,0.1530,0.7499,0.900,0.00506,0.300,-0.188, 4.20e-01,0.00762,0.0146,0.1257,0.11194,0.000221
0.06-24-0.4,0.06,24,0.40, 42,122, 85,1,0.248,21.35,FALSE,0.06-24-0.4,0.1410,0.5464,0.680,0.01500,0.536,-0.185, 1.33e-01,0.01458,0.0220,0.0269,0.00973,0.000639
0.07-60-0.6,0.07,60,0.60,112,442,274,1,0.166,25.21,FALSE,0.07-60-0.6,0.1412,0.7677,0.909,0.00415,0.322,-0.185, 4.48e-01,0.00722,0.0133,0.1535,0.11194,0.000203
0.14-48-0.8,0.14,48,0.80, 65,275,168,1,0.217,11.33,FALSE,0.14-48-0.8,0.1771,0.6829,0.863,0.00554,0.277,-0.192, 3.18e-01,0.00886,0.0195,0.1118,0.11194,0.000209
0.12-52-0.4,0.12,52,0.40, 97,394,243,1,0.177,18.12,FALSE,0.12-52-0.4,0.1583,0.7353,0.899,0.00414,0.293,-0.189, 3.97e-01,0.00734,0.0154,0.1257,0.12388,0.000182
0.05-28-0,0.05,28,0.00, 50,142, 92,1,0.225,23.84,FALSE,0.05-28-0,0.1629,0.5991,0.762,0.01525,0.393,-0.190, 2.01e-01,0.01282,0.0212,0.0384,0.01271,0.000651
0.1-52-0.85,0.10,52,0.85, 44,197,116,1,0.279, 9.00,FALSE,0.1-52-0.85,0.1676,0.7056,0.872,0.00660,0.285,-0.191, 3.52e-01,0.00997,0.0177,0.1256,0.11194,0.000221
0.05-20-0.7,0.05,20,0.70, 31, 82, 63,1,0.256,14.78,FALSE,0.05-20-0.7,0.1297,0.4751,0.596,0.01956,0.704,-0.181, 4.90e-02,0.01901,0.0224,0.0219,0.00837,0.000847
0.2-60-0.75,0.20,60,0.75,100,421,256,1,0.179,15.73,FALSE,0.2-60-0.75,0.1592,0.7183,0.873,0.00393,0.297,-0.190, 3.71e-01,0.00733,0.0171,0.1535,0.30966,0.000114
0.08-56-0.7,0.08,56,0.70, 97,405,246,1,0.181,19.18,FALSE,0.08-56-0.7,0.1434,0.7457,0.889,0.00435,0.321,-0.186, 4.13e-01,0.00715,0.0158,0.1292,0.11194,0.000209
0.08-60-0.6,0.08,60,0.60,113,451,275,1,0.170,25.81,FALSE,0.08-60-0.6,0.1466,0.7480,0.894,0.00377,0.314,-0.187, 4.17e-01,0.00728,0.0148,0.1535,0.12646,0.000197
0.08-20-0,0.08,20,0.00, 34, 87, 68,1,0.225,16.22,FALSE,0.08-20-0,0.1385,0.4236,0.566,0.01810,0.782,-0.184,-4.94e-03,0.01689,0.0226,0.0219,0.00973,0.000639
0.09-52-0.8,0.09,52,0.80, 68,301,182,1,0.216,11.30,FALSE,0.09-52-0.8,0.1568,0.7015,0.857,0.00606,0.311,-0.189, 3.46e-01,0.00916,0.0194,0.1256,0.11194,0.000221
0.14-48-0.75,0.14,48,0.75, 84,335,203,1,0.182,12.55,FALSE,0.14-48-0.75,0.1713,0.7269,0.896,0.00401,0.270,-0.191, 3.84e-01,0.00752,0.0145,0.1118,0.11194,0.000209
0.06-24-0.5,0.06,24,0.50, 41,121, 84,1,0.250,20.37,FALSE,0.06-24-0.5,0.1490,0.5252,0.691,0.01558,0.546,-0.187, 1.07e-01,0.01437,0.0213,0.0269,0.00973,0.000639
0.05-20-0,0.05,20,0.00, 33, 84, 64,1,0.237,16.67,FALSE,0.05-20-0,0.1234,0.5028,0.614,0.02180,0.672,-0.178, 8.03e-02,0.01809,0.0219,0.0219,0.00837,0.000847
0.14-56-0.85,0.14,56,0.85, 52,221,124,1,0.252,11.10,FALSE,0.14-56-0.85,0.1712,0.6861,0.857,0.00668,0.288,-0.191, 3.23e-01,0.00915,0.0192,0.1292,0.15658,0.000173
0.06-16-0.65,0.06,16,0.65, 29, 74, 56,1,0.238,13.33,FALSE,0.06-16-0.65,0.1305,0.4073,0.532,0.02238,0.848,-0.181,-2.07e-02,0.02157,0.0225,0.0199,0.00777,0.000747
0.14-52-0.7,0.14,52,0.70, 93,379,229,1,0.181,16.30,FALSE,0.14-52-0.7,0.1601,0.7270,0.883,0.00439,0.292,-0.190, 3.84e-01,0.00756,0.0156,0.1257,0.13184,0.000182
0.08-60-0.4,0.08,60,0.40,117,461,282,1,0.165,27.59,FALSE,0.08-60-0.4,0.1432,0.7514,0.887,0.00458,0.320,-0.186, 4.22e-01,0.00743,0.0146,0.1535,0.12646,0.000182
0.09-60-0.5,0.09,60,0.50,111,449,279,1,0.170,24.03,FALSE,0.09-60-0.5,0.1506,0.7436,0.888,0.00405,0.306,-0.188, 4.10e-01,0.00779,0.0146,0.1535,0.13184,0.000179
0.1-60-0.4,0.10,60,0.40,112,445,277,1,0.169,25.76,FALSE,0.1-60-0.4,0.1438,0.7528,0.891,0.00403,0.318,-0.186, 4.24e-01,0.00760,0.0143,0.1535,0.15658,0.000175
0.07-52-0.8,0.07,52,0.80, 71,302,178,1,0.211,11.54,FALSE,0.07-52-0.8,0.1775,0.7148,0.892,0.00405,0.261,-0.192, 3.66e-01,0.00785,0.0149,0.1257,0.05730,0.000284
0.1-60-0.6,0.10,60,0.60,110,440,275,1,0.172,24.95,FALSE,0.1-60-0.6,0.1446,0.7492,0.896,0.00352,0.318,-0.186, 4.18e-01,0.00759,0.0146,0.1535,0.15658,0.000175
0.2-56-0.7,0.20,56,0.70, 98,396,241,1,0.178,18.60,FALSE,0.2-56-0.7,0.1593,0.7072,0.865,0.00435,0.302,-0.190, 3.54e-01,0.00789,0.0178,0.1314,0.24511,0.000137
0.18-48-0.8,0.18,48,0.80, 62,270,165,1,0.219,10.41,FALSE,0.18-48-0.8,0.1831,0.6708,0.860,0.00541,0.272,-0.192, 3.01e-01,0.00852,0.0190,0.1118,0.12388,0.000179
0.09-60-0.8,0.09,60,0.80, 75,333,204,1,0.206,11.37,FALSE,0.09-60-0.8,0.1530,0.7050,0.857,0.00607,0.318,-0.188, 3.51e-01,0.00918,0.0184,0.1481,0.12912,0.000179
0.2-48-0.7,0.20,48,0.70, 85,343,211,1,0.178,16.47,FALSE,0.2-48-0.7,0.1657,0.7118,0.889,0.00422,0.286,-0.191, 3.61e-01,0.00751,0.0165,0.1118,0.12388,0.000173
0.18-60-0.7,0.18,60,0.70,105,430,261,1,0.175,18.70,FALSE,0.18-60-0.7,0.1677,0.7142,0.876,0.00415,0.281,-0.191, 3.65e-01,0.00759,0.0159,0.1535,0.30966,0.000137
0.12-52-0.8,0.12,52,0.80, 69,311,189,1,0.219, 9.51,FALSE,0.12-52-0.8,0.1578,0.7030,0.867,0.00481,0.308,-0.189, 3.48e-01,0.00833,0.0179,0.1256,0.12388,0.000182
0.09-52-0.75,0.09,52,0.75, 88,369,223,1,0.188,16.23,FALSE,0.09-52-0.75,0.1549,0.7269,0.881,0.00494,0.303,-0.189, 3.84e-01,0.00790,0.0159,0.1257,0.11194,0.000221
0.06-20-0.5,0.06,20,0.50, 35, 89, 70,1,0.230,17.67,FALSE,0.06-20-0.5,0.1360,0.4286,0.580,0.01774,0.780,-0.183, 2.86e-05,0.01747,0.0213,0.0219,0.00973,0.000747
0.09-60-0.2,0.09,60,0.20,115,454,283,1,0.166,27.72,FALSE,0.09-60-0.2,0.1449,0.7462,0.889,0.00430,0.318,-0.186, 4.14e-01,0.00767,0.0146,0.1535,0.13184,0.000179
0.18-60-0.75,0.18,60,0.75, 98,414,252,1,0.183,14.76,FALSE,0.18-60-0.75,0.1635,0.7041,0.868,0.00429,0.295,-0.190, 3.50e-01,0.00756,0.0172,0.1535,0.30966,0.000137
0.08-60-0.85,0.08,60,0.85, 59,258,154,1,0.247,12.01,FALSE,0.08-60-0.85,0.1750,0.6835,0.858,0.00782,0.281,-0.192, 3.19e-01,0.00953,0.0179,0.1481,0.12646,0.000197
0.12-60-0.65,0.12,60,0.65,106,427,265,1,0.170,21.20,FALSE,0.12-60-0.65,0.1420,0.7321,0.871,0.00425,0.329,-0.185, 3.92e-01,0.00811,0.0165,0.1481,0.24511,0.000147
0.18-48-0.7,0.18,48,0.70, 85,337,205,1,0.180,15.54,FALSE,0.18-48-0.7,0.1772,0.7125,0.892,0.00394,0.263,-0.192, 3.62e-01,0.00744,0.0146,0.1118,0.12388,0.000179
0.16-52-0.25,0.16,52,0.25, 97,383,232,1,0.177,17.55,FALSE,0.16-52-0.25,0.1603,0.7359,0.895,0.00410,0.289,-0.190, 3.98e-01,0.00729,0.0137,0.1257,0.15658,0.000179
0.08-56-0.6,0.08,56,0.60,103,424,257,1,0.176,19.28,FALSE,0.08-56-0.6,0.1375,0.7601,0.897,0.00420,0.330,-0.184, 4.36e-01,0.00702,0.0134,0.1357,0.11194,0.000203
0.06-56-0.75,0.06,56,0.75, 90,370,224,1,0.183,15.47,FALSE,0.06-56-0.75,0.1616,0.7218,0.890,0.00385,0.291,-0.190, 3.76e-01,0.00708,0.0154,0.1292,0.08431,0.000284
0.07-60-0.7,0.07,60,0.70,107,431,268,1,0.170,24.17,FALSE,0.07-60-0.7,0.1404,0.7529,0.900,0.00432,0.325,-0.185, 4.24e-01,0.00750,0.0143,0.1535,0.11194,0.000203
0.09-56-0.7,0.09,56,0.70, 96,402,248,1,0.183,19.17,FALSE,0.09-56-0.7,0.1441,0.7355,0.878,0.00485,0.323,-0.186, 3.97e-01,0.00779,0.0159,0.1292,0.12388,0.000197
0.09-56-0.45,0.09,56,0.45,102,420,260,1,0.178,20.21,FALSE,0.09-56-0.45,0.1428,0.7412,0.880,0.00485,0.324,-0.186, 4.06e-01,0.00792,0.0153,0.1357,0.12388,0.000197
0.08-60-0.55,0.08,60,0.55,114,454,276,1,0.169,25.82,FALSE,0.08-60-0.55,0.1396,0.7472,0.887,0.00395,0.329,-0.185, 4.15e-01,0.00730,0.0148,0.1535,0.12646,0.000182
0.1-60-0.75,0.10,60,0.75, 95,395,242,1,0.184,17.26,FALSE,0.1-60-0.75,0.1450,0.7422,0.874,0.00486,0.319,-0.186, 4.08e-01,0.00825,0.0147,0.1481,0.15658,0.000175
0.2-52-0.75,0.20,52,0.75, 87,367,222,1,0.190,14.55,FALSE,0.2-52-0.75,0.1550,0.7230,0.875,0.00465,0.304,-0.189, 3.78e-01,0.00765,0.0159,0.1257,0.15658,0.000144
0.08-60-0.35,0.08,60,0.35,118,462,283,1,0.164,28.54,FALSE,0.08-60-0.35,0.1449,0.7460,0.885,0.00421,0.318,-0.186, 4.13e-01,0.00743,0.0145,0.1535,0.12646,0.000182
0.1-56-0.85,0.10,56,0.85, 46,210,127,1,0.274, 9.01,FALSE,0.1-56-0.85,0.1583,0.6958,0.852,0.00668,0.311,-0.189, 3.37e-01,0.01052,0.0179,0.1292,0.11194,0.000197
0.09-52-0.6,0.09,52,0.60, 98,401,245,1,0.176,18.29,FALSE,0.09-52-0.6,0.1495,0.7482,0.899,0.00392,0.308,-0.187, 4.17e-01,0.00742,0.0127,0.1257,0.11194,0.000221
0.08-56-0.8,0.08,56,0.80, 74,331,202,1,0.210,13.24,FALSE,0.08-56-0.8,0.1532,0.7071,0.860,0.00529,0.316,-0.188, 3.54e-01,0.00902,0.0175,0.1292,0.11194,0.000221
0.2-60-0.4,0.20,60,0.40,114,456,276,1,0.165,21.65,FALSE,0.2-60-0.4,0.1630,0.7096,0.873,0.00452,0.293,-0.190, 3.58e-01,0.00745,0.0164,0.1535,0.33795,0.000109
0.08-60-0.5,0.08,60,0.50,116,459,281,1,0.167,26.79,FALSE,0.08-60-0.5,0.1421,0.7506,0.885,0.00405,0.322,-0.185, 4.21e-01,0.00743,0.0142,0.1535,0.12646,0.000182
0.2-56-0.65,0.20,56,0.65,106,415,253,1,0.169,20.62,FALSE,0.2-56-0.65,0.1433,0.7219,0.863,0.00473,0.331,-0.186, 3.76e-01,0.00801,0.0170,0.1357,0.24511,0.000137
0.2-48-0.8,0.20,48,0.80, 64,283,177,1,0.213,10.43,FALSE,0.2-48-0.8,0.1692,0.6826,0.857,0.00539,0.295,-0.191, 3.18e-01,0.00867,0.0178,0.1118,0.12388,0.000173
0.14-52-0.65,0.14,52,0.65, 98,390,237,1,0.176,18.26,FALSE,0.14-52-0.65,0.1494,0.7288,0.878,0.00440,0.314,-0.187, 3.87e-01,0.00762,0.0158,0.1257,0.13184,0.000182
0.12-56-0.8,0.12,56,0.80, 75,338,205,1,0.208,10.52,FALSE,0.12-56-0.8,0.1472,0.7127,0.856,0.00546,0.327,-0.187, 3.62e-01,0.00854,0.0174,0.1292,0.15658,0.000173
0.05-28-0.2,0.05,28,0.20, 49,141, 92,1,0.230,22.88,FALSE,0.05-28-0.2,0.1575,0.5847,0.729,0.01535,0.428,-0.189, 1.82e-01,0.01346,0.0193,0.0384,0.01271,0.000651
0.14-52-0.8,0.14,52,0.80, 69,302,182,1,0.222,10.40,FALSE,0.14-52-0.8,0.1682,0.6802,0.858,0.00645,0.299,-0.191, 3.14e-01,0.00856,0.0178,0.1256,0.12826,0.000182
0.14-52-0.75,0.14,52,0.75, 89,365,218,1,0.188,13.52,FALSE,0.14-52-0.75,0.1600,0.7154,0.882,0.00409,0.297,-0.190, 3.67e-01,0.00751,0.0159,0.1257,0.13184,0.000182
0.09-60-0.3,0.09,60,0.30,114,453,282,1,0.166,26.75,FALSE,0.09-60-0.3,0.1451,0.7475,0.885,0.00482,0.317,-0.186, 4.16e-01,0.00791,0.0138,0.1535,0.13184,0.000179
0.16-60-0.65,0.16,60,0.65,111,445,270,1,0.169,19.72,FALSE,0.16-60-0.65,0.1565,0.7309,0.885,0.00398,0.298,-0.189, 3.90e-01,0.00720,0.0143,0.1535,0.30966,0.000137
0.08-56-0.4,0.08,56,0.40,106,431,263,1,0.173,21.07,FALSE,0.08-56-0.4,0.1408,0.7504,0.898,0.00440,0.325,-0.185, 4.20e-01,0.00702,0.0140,0.1357,0.11194,0.000203
0.18-60-0,0.18,60,0.00,115,452,276,1,0.165,23.62,FALSE,0.18-60-0,0.1568,0.7239,0.879,0.00420,0.300,-0.189, 3.79e-01,0.00736,0.0151,0.1535,0.33795,0.000137
0.06-20-0.65,0.06,20,0.65, 34, 88, 69,1,0.238,16.71,FALSE,0.06-20-0.65,0.1336,0.4314,0.578,0.01678,0.783,-0.183, 2.84e-03,0.01717,0.0204,0.0219,0.00973,0.000747
0.07-60-0.75,0.07,60,0.75, 97,402,246,1,0.178,17.43,FALSE,0.07-60-0.75,0.1466,0.7469,0.891,0.00455,0.314,-0.187, 4.15e-01,0.00751,0.0132,0.1481,0.11194,0.000203
0.12-52-0.75,0.12,52,0.75, 88,372,227,1,0.190,14.33,FALSE,0.12-52-0.75,0.1543,0.7252,0.883,0.00430,0.305,-0.189, 3.81e-01,0.00755,0.0153,0.1257,0.12388,0.000182
0.09-56-0.4,0.09,56,0.40,103,422,261,1,0.176,21.04,FALSE,0.09-56-0.4,0.1361,0.7356,0.875,0.00479,0.341,-0.183, 3.97e-01,0.00778,0.0160,0.1357,0.12388,0.000197
0.16-52-0.75,0.16,52,0.75, 88,361,217,1,0.189,12.66,FALSE,0.16-52-0.75,0.1516,0.7278,0.876,0.00493,0.310,-0.188, 3.85e-01,0.00773,0.0152,0.1257,0.15658,0.000179
0.1-60-0.45,0.10,60,0.45,111,443,276,1,0.171,24.96,FALSE,0.1-60-0.45,0.1431,0.7478,0.887,0.00490,0.321,-0.186, 4.16e-01,0.00769,0.0137,0.1535,0.15658,0.000175
0.14-52-0.25,0.14,52,0.25, 99,391,238,1,0.174,19.21,FALSE,0.14-52-0.25,0.1547,0.7253,0.880,0.00421,0.304,-0.189, 3.82e-01,0.00755,0.0149,0.1257,0.13184,0.000182
0.07-56-0.8,0.07,56,0.80, 72,305,180,1,0.209,12.50,FALSE,0.07-56-0.8,0.1703,0.7148,0.883,0.00415,0.276,-0.191, 3.66e-01,0.00807,0.0144,0.1257,0.08504,0.000284
0.06-60-0.8,0.06,60,0.80, 73,325,197,1,0.210,11.50,FALSE,0.06-60-0.8,0.1527,0.7307,0.882,0.00429,0.306,-0.188, 3.90e-01,0.00779,0.0145,0.1481,0.09140,0.000284
0.08-56-0.75,0.08,56,0.75, 93,393,239,1,0.188,18.16,FALSE,0.08-56-0.75,0.1493,0.7375,0.886,0.00422,0.311,-0.187, 4.00e-01,0.00756,0.0140,0.1292,0.11194,0.000209
0.06-60-0.75,0.06,60,0.75, 93,393,245,1,0.185,16.41,FALSE,0.06-60-0.75,0.1367,0.7506,0.887,0.00391,0.334,-0.184, 4.21e-01,0.00737,0.0136,0.1481,0.09140,0.000284
0.09-60-0.65,0.09,60,0.65,109,438,273,1,0.172,24.95,FALSE,0.09-60-0.65,0.1424,0.7427,0.881,0.00410,0.324,-0.185, 4.08e-01,0.00800,0.0141,0.1535,0.13184,0.000179
0.06-24-0.25,0.06,24,0.25, 43,123, 86,1,0.242,22.32,FALSE,0.06-24-0.25,0.1419,0.5161,0.673,0.01690,0.585,-0.185, 9.59e-02,0.01456,0.0190,0.0269,0.00973,0.000639
0.14-60-0.7,0.14,60,0.70,103,423,256,1,0.175,19.26,FALSE,0.14-60-0.7,0.1549,0.7169,0.879,0.00384,0.307,-0.189, 3.69e-01,0.00736,0.0154,0.1481,0.30966,0.000147
0.18-52-0.8,0.18,52,0.80, 69,312,190,1,0.218,10.48,FALSE,0.18-52-0.8,0.1527,0.6870,0.848,0.00553,0.331,-0.188, 3.24e-01,0.00910,0.0172,0.1256,0.15658,0.000157
0.08-60-0.75,0.08,60,0.75, 98,406,247,1,0.182,19.99,FALSE,0.08-60-0.75,0.1469,0.7280,0.872,0.00518,0.320,-0.187, 3.86e-01,0.00768,0.0150,0.1481,0.12646,0.000197
0.16-52-0.8,0.16,52,0.80, 68,300,181,1,0.223,10.47,FALSE,0.16-52-0.8,0.1582,0.6943,0.844,0.00610,0.312,-0.189, 3.35e-01,0.00860,0.0170,0.1256,0.15658,0.000179
0.18-52-0.75,0.18,52,0.75, 86,365,221,1,0.193,13.59,FALSE,0.18-52-0.75,0.1589,0.7100,0.868,0.00432,0.302,-0.190, 3.58e-01,0.00777,0.0158,0.1257,0.15658,0.000157
0.08-60-0.3,0.08,60,0.30,119,463,284,1,0.164,29.50,FALSE,0.08-60-0.3,0.1394,0.7497,0.886,0.00430,0.328,-0.185, 4.19e-01,0.00735,0.0122,0.1535,0.12646,0.000182
0.14-56-0.7,0.14,56,0.70, 97,399,244,1,0.178,18.23,FALSE,0.14-56-0.7,0.1440,0.7173,0.869,0.00518,0.332,-0.186, 3.69e-01,0.00776,0.0164,0.1292,0.15658,0.000173
0.16-56-0,0.16,56,0.00,104,408,249,1,0.171,21.50,FALSE,0.16-56-0,0.1346,0.7396,0.872,0.00432,0.343,-0.183, 4.04e-01,0.00767,0.0150,0.1357,0.24511,0.000156
0.09-56-0.2,0.09,56,0.20,104,423,262,1,0.175,21.99,FALSE,0.09-56-0.2,0.1458,0.7401,0.886,0.00448,0.318,-0.186, 4.04e-01,0.00778,0.0135,0.1357,0.12388,0.000197
0.09-60-0.4,0.09,60,0.40,113,452,281,1,0.168,25.80,FALSE,0.09-60-0.4,0.1465,0.7301,0.886,0.00483,0.320,-0.187, 3.89e-01,0.00782,0.0147,0.1535,0.13184,0.000179
0.09-60-0.45,0.09,60,0.45,112,450,280,1,0.169,25.00,FALSE,0.09-60-0.45,0.1429,0.7440,0.883,0.00473,0.323,-0.186, 4.10e-01,0.00809,0.0131,0.1535,0.13184,0.000179
0.09-56-0.6,0.09,56,0.60,101,419,259,1,0.179,19.25,FALSE,0.09-56-0.6,0.1380,0.7475,0.881,0.00422,0.332,-0.184, 4.16e-01,0.00787,0.0135,0.1357,0.12388,0.000197
0.16-60-0.8,0.16,60,0.80, 82,357,212,1,0.207,11.73,FALSE,0.16-60-0.8,0.1462,0.7049,0.860,0.00527,0.334,-0.187, 3.51e-01,0.00774,0.0168,0.1535,0.30966,0.000137
0.18-52-0.7,0.18,52,0.70, 93,381,230,1,0.184,17.54,FALSE,0.18-52-0.7,0.1582,0.7117,0.874,0.00391,0.302,-0.189, 3.61e-01,0.00778,0.0153,0.1257,0.15658,0.000157
0.2-56-0.8,0.20,56,0.80, 74,330,202,1,0.209, 9.64,FALSE,0.2-56-0.8,0.1540,0.6669,0.832,0.00717,0.344,-0.189, 2.95e-01,0.00894,0.0172,0.1292,0.24511,0.000137
0.09-56-0.75,0.09,56,0.75, 90,386,236,1,0.192,16.23,FALSE,0.09-56-0.75,0.1451,0.7222,0.872,0.00492,0.327,-0.186, 3.77e-01,0.00816,0.0158,0.1292,0.12388,0.000197
0.16-60-0.7,0.16,60,0.70,106,432,260,1,0.173,17.74,FALSE,0.16-60-0.7,0.1550,0.7142,0.876,0.00447,0.308,-0.189, 3.65e-01,0.00725,0.0153,0.1535,0.30966,0.000137
0.09-60-0.75,0.09,60,0.75, 95,399,245,1,0.184,17.25,FALSE,0.09-60-0.75,0.1410,0.7319,0.865,0.00538,0.331,-0.185, 3.92e-01,0.00836,0.0148,0.1481,0.13184,0.000179
0.14-60-0.25,0.14,60,0.25,109,437,267,1,0.169,22.18,FALSE,0.14-60-0.25,0.1522,0.7239,0.878,0.00332,0.310,-0.188, 3.79e-01,0.00751,0.0146,0.1481,0.30966,0.000147
0.14-60-0.65,0.14,60,0.65,108,436,266,1,0.170,21.22,FALSE,0.14-60-0.65,0.1494,0.7275,0.880,0.00362,0.314,-0.187, 3.85e-01,0.00728,0.0145,0.1481,0.30966,0.000147
0.1-56-0.8,0.10,56,0.80, 73,326,199,1,0.211,10.41,FALSE,0.1-56-0.8,0.1514,0.7060,0.857,0.00543,0.321,-0.188, 3.52e-01,0.00899,0.0162,0.1292,0.12646,0.000197
0.18-56-0.75,0.18,56,0.75, 88,372,226,1,0.189,14.57,FALSE,0.18-56-0.75,0.1503,0.7103,0.859,0.00372,0.321,-0.188, 3.59e-01,0.00796,0.0159,0.1292,0.24511,0.000142
0.08-60-0.8,0.08,60,0.80, 79,344,210,1,0.202,15.09,FALSE,0.08-60-0.8,0.1527,0.6922,0.839,0.00786,0.327,-0.188, 3.32e-01,0.00970,0.0165,0.1481,0.12646,0.000197
0.2-56-0.75,0.20,56,0.75, 94,388,236,1,0.182,15.66,FALSE,0.2-56-0.75,0.1527,0.7158,0.869,0.00441,0.313,-0.188, 3.67e-01,0.00768,0.0151,0.1314,0.24511,0.000137
0.18-60-0.65,0.18,60,0.65,112,448,274,1,0.168,20.69,FALSE,0.18-60-0.65,0.1570,0.7118,0.875,0.00346,0.305,-0.189, 3.61e-01,0.00744,0.0151,0.1535,0.30966,0.000137
0.1-52-0.8,0.10,52,0.80, 68,301,184,1,0.215,10.37,FALSE,0.1-52-0.8,0.1611,0.7026,0.861,0.00560,0.301,-0.190, 3.47e-01,0.00909,0.0155,0.1256,0.11194,0.000209
0.2-60-0.1,0.20,60,0.10,116,458,278,1,0.164,23.61,FALSE,0.2-60-0.1,0.1621,0.7156,0.879,0.00409,0.292,-0.190, 3.67e-01,0.00742,0.0141,0.1535,0.33795,0.000109
0.09-60-0.6,0.09,60,0.60,110,446,278,1,0.171,24.02,FALSE,0.09-60-0.6,0.1380,0.7420,0.883,0.00450,0.334,-0.184, 4.07e-01,0.00796,0.0137,0.1535,0.13184,0.000179
0.2-52-0.7,0.20,52,0.70, 91,375,227,1,0.185,17.50,FALSE,0.2-52-0.7,0.1511,0.7195,0.872,0.00427,0.314,-0.188, 3.73e-01,0.00789,0.0146,0.1257,0.15658,0.000144
0.1-56-0.7,0.10,56,0.70, 94,395,243,1,0.183,16.29,FALSE,0.1-56-0.7,0.1447,0.7241,0.866,0.00482,0.327,-0.186, 3.80e-01,0.00807,0.0146,0.1292,0.12646,0.000197
0.1-56-0.65,0.10,56,0.65,101,409,253,1,0.177,20.17,FALSE,0.1-56-0.65,0.1406,0.7345,0.874,0.00457,0.331,-0.185, 3.96e-01,0.00783,0.0137,0.1357,0.12646,0.000197
0.1-56-0.75,0.10,56,0.75, 91,385,235,1,0.190,15.31,FALSE,0.1-56-0.75,0.1434,0.7200,0.862,0.00487,0.332,-0.186, 3.74e-01,0.00827,0.0148,0.1292,0.12646,0.000197
0.2-56-0,0.20,56,0.00,108,417,255,1,0.168,22.57,FALSE,0.2-56-0,0.1476,0.7238,0.868,0.00490,0.320,-0.187, 3.79e-01,0.00782,0.0142,0.1357,0.24511,0.000137
0.12-56-0.7,0.12,56,0.70, 97,407,251,1,0.178,17.28,FALSE,0.12-56-0.7,0.1452,0.7216,0.873,0.00539,0.327,-0.186, 3.76e-01,0.00789,0.0147,0.1292,0.15658,0.000173
0.18-60-0.8,0.18,60,0.80, 81,362,220,1,0.205,10.73,FALSE,0.18-60-0.8,0.1600,0.6872,0.849,0.00501,0.313,-0.190, 3.24e-01,0.00850,0.0158,0.1535,0.30966,0.000137
0.12-60-0.25,0.12,60,0.25,108,430,267,1,0.168,22.98,FALSE,0.12-60-0.25,0.1416,0.7325,0.872,0.00455,0.330,-0.185, 3.93e-01,0.00806,0.0137,0.1481,0.24511,0.000147
0.2-60-0.65,0.20,60,0.65,112,450,275,1,0.166,20.68,FALSE,0.2-60-0.65,0.1556,0.7134,0.873,0.00435,0.307,-0.189, 3.64e-01,0.00741,0.0143,0.1535,0.30966,0.000114
0.16-56-0.75,0.16,56,0.75, 93,384,232,1,0.184,14.64,FALSE,0.16-56-0.75,0.1433,0.7258,0.864,0.00539,0.329,-0.186, 3.82e-01,0.00825,0.0142,0.1292,0.24511,0.000156
0.1-60-0.7,0.10,60,0.70,102,418,259,1,0.178,21.99,FALSE,0.1-60-0.7,0.1474,0.7270,0.881,0.00423,0.319,-0.187, 3.84e-01,0.00795,0.0131,0.1535,0.15658,0.000175
0.09-60-0.7,0.09,60,0.70,105,428,266,1,0.175,23.95,FALSE,0.09-60-0.7,0.1398,0.7305,0.873,0.00488,0.335,-0.185, 3.90e-01,0.00814,0.0138,0.1535,0.13184,0.000179
0.1-56-0.6,0.10,56,0.60,102,416,258,1,0.177,19.24,FALSE,0.1-56-0.6,0.1386,0.7304,0.878,0.00436,0.338,-0.184, 3.89e-01,0.00788,0.0141,0.1357,0.12646,0.000197
0.1-60-0.8,0.10,60,0.80, 76,335,206,1,0.204,11.39,FALSE,0.1-60-0.8,0.1486,0.7184,0.862,0.00470,0.320,-0.187, 3.71e-01,0.00903,0.0143,0.1481,0.15658,0.000175
0.14-56-0.65,0.14,56,0.65,102,410,252,1,0.174,20.19,FALSE,0.14-56-0.65,0.1435,0.7230,0.873,0.00502,0.330,-0.186, 3.78e-01,0.00803,0.0142,0.1357,0.15658,0.000173
0.14-56-0.75,0.14,56,0.75, 93,385,233,1,0.185,15.46,FALSE,0.14-56-0.75,0.1486,0.7225,0.866,0.00500,0.318,-0.187, 3.77e-01,0.00820,0.0130,0.1292,0.15658,0.000173
0.12-56-0.75,0.12,56,0.75, 94,397,243,1,0.184,16.29,FALSE,0.12-56-0.75,0.1388,0.7124,0.861,0.00573,0.347,-0.184, 3.62e-01,0.00832,0.0149,0.1292,0.15658,0.000173
0.2-52-0.8,0.20,52,0.80, 68,311,191,1,0.219, 9.51,FALSE,0.2-52-0.8,0.1537,0.6996,0.850,0.00687,0.319,-0.188, 3.43e-01,0.00927,0.0148,0.1256,0.15658,0.000144
0.09-56-0.8,0.09,56,0.80, 71,321,195,1,0.217,11.31,FALSE,0.09-56-0.8,0.1529,0.7099,0.860,0.00526,0.315,-0.188, 3.58e-01,0.00903,0.0140,0.1292,0.12388,0.000197
0.18-56-0.8,0.18,56,0.80, 71,320,194,1,0.215,10.50,FALSE,0.18-56-0.8,0.1453,0.6898,0.839,0.00632,0.347,-0.186, 3.28e-01,0.00900,0.0147,0.1292,0.24511,0.000142
0.14-56-0.8,0.14,56,0.80, 73,322,194,1,0.216,11.39,FALSE,0.14-56-0.8,0.1530,0.6952,0.849,0.00619,0.324,-0.188, 3.36e-01,0.00879,0.0146,0.1292,0.15658,0.000173
0.14-56-0,0.14,56,0.00,104,412,254,1,0.172,22.11,FALSE,0.14-56-0,0.1340,0.7330,0.868,0.00384,0.347,-0.183, 3.93e-01,0.00799,0.0131,0.1357,0.15658,0.000173
0.2-60-0.8,0.20,60,0.80, 81,366,224,1,0.203, 9.77,FALSE,0.2-60-0.8,0.1616,0.6924,0.851,0.00490,0.306,-0.190, 3.32e-01,0.00854,0.0144,0.1535,0.30966,0.000114
0.09-60-0.85,0.09,60,0.85, 49,219,130,1,0.253,10.00,FALSE,0.09-60-0.85,0.1563,0.6962,0.861,0.00619,0.316,-0.189, 3.38e-01,0.00989,0.0143,0.1475,0.12912,0.000182
0.12-60-0.7,0.12,60,0.70,101,416,257,1,0.175,19.24,FALSE,0.12-60-0.7,0.1366,0.7225,0.864,0.00475,0.347,-0.184, 3.77e-01,0.00804,0.0136,0.1481,0.24511,0.000147
0.2-60-0.7,0.20,60,0.70,104,429,261,1,0.174,18.67,FALSE,0.2-60-0.7,0.1563,0.7026,0.859,0.00458,0.312,-0.189, 3.47e-01,0.00775,0.0132,0.1535,0.30966,0.000114
0.2-56-0.3,0.20,56,0.30,107,416,254,1,0.168,21.59,FALSE,0.2-56-0.3,0.1471,0.7115,0.865,0.00497,0.328,-0.187, 3.61e-01,0.00800,0.0128,0.1357,0.24511,0.000137
