,FeatureRatio,TopTFs,AbsCor,Nodes,Interactions,PosInt,Connected,Transitivity,MeanDistance,DupStatus,SimIdx,AvgDist.mean,AvgDist.sd
0.05-4-0.85,0.05,4,0.85,3,9,5,1,1,1,FALSE,0.05-4-0.85,0.0186864752779199,0.000129631736534542
0.14-4-0.8,0.14,4,0.8,4,10,6,1,0.6,1.91666666666667,FALSE,0.14-4-0.8,0.0311894621707604,0.00019585362953384
0.16-4-0.85,0.16,4,0.85,4,12,6,1,0.75,1.25,FALSE,0.16-4-0.85,0.0322543721032483,0.000153987267266609
0.14-4-0,0.14,4,0,5,13,7,1,0.6,2.15,FALSE,0.14-4-0,0.0400402289933429,0.000311615015222963
0.05-4-0.75,0.05,4,0.75,6,14,8,1,0.5,3.06666666666667,FALSE,0.05-4-0.75,0.0367118205926565,0.000440986189713746
0.16-8-0.7,0.16,8,0.7,9,18,11,1,0.285714285714286,5.66666666666667,FALSE,0.16-8-0.7,0.0238657229049051,8.28603336840395e-05
0.12-12-0.85,0.12,12,0.85,9,31,20,1,0.582089552238806,2.58333333333333,FALSE,0.12-12-0.85,0.049674338310476,0.000179471874340199
0.14-8-0,0.14,8,0,10,19,11,1,0.230769230769231,6.6,FALSE,0.14-8-0,0.0140851072152618,0.00018094260198643
0.1-12-0.85,0.1,12,0.85,10,33,22,1,0.531645569620253,2.71111111111111,FALSE,0.1-12-0.85,0.0472809934009332,0.000612759937194926
0.05-8-0.75,0.05,8,0.75,11,20,12,1,0.214285714285714,7.56363636363636,FALSE,0.05-8-0.75,0.0153647991929832,0.000255071106677137
0.2-8-0,0.2,8,0,11,21,11,1,0.206896551724138,6.78181818181818,FALSE,0.2-8-0,0.0161695534114857,0.000169692139058441
0.05-12-0.85,0.05,12,0.85,11,36,25,1,0.505263157894737,3.53636363636364,FALSE,0.05-12-0.85,0.0467372668700095,0.00062355511114634
0.12-8-0,0.12,8,0,12,21,13,1,0.176470588235294,8.03030303030303,FALSE,0.12-8-0,0.0185949939340931,0.000209379658186572
0.05-8-0.65,0.05,8,0.65,12,22,14,1,0.236842105263158,7.73484848484848,FALSE,0.05-8-0.65,0.0169065685763164,0.000164115004518429
0.07-12-0.85,0.07,12,0.85,12,39,26,1,0.485714285714286,3.62878787878788,FALSE,0.07-12-0.85,0.047608481248528,0.000595643079520776
0.2-12-0.8,0.2,12,0.8,12,39,28,1,0.459459459459459,3.66666666666667,FALSE,0.2-12-0.8,0.050175399097808,0.000498793518441143
0.06-12-0.8,0.06,12,0.8,13,40,29,1,0.432432432432432,5.33974358974359,FALSE,0.06-12-0.8,0.044706484835096,0.000472842702836067
0.08-16-0.85,0.08,16,0.85,13,41,28,1,0.461538461538462,3.74358974358974,FALSE,0.08-16-0.85,0.0466394316366886,0.000629488243491603
0.14-12-0.8,0.14,12,0.8,13,41,30,1,0.428571428571429,3.79487179487179,FALSE,0.14-12-0.8,0.0502537941392825,0.000384322155222247
0.05-12-0.8,0.05,12,0.8,14,41,30,1,0.403361344537815,6.25824175824176,FALSE,0.05-12-0.8,0.0462564489079558,0.000205225775987451
0.1-12-0.8,0.1,12,0.8,14,42,29,1,0.421487603305785,5.44505494505495,FALSE,0.1-12-0.8,0.0470367391809706,0.000323486552407734
0.07-12-0.8,0.07,12,0.8,14,43,30,1,0.421487603305785,5.43406593406593,FALSE,0.07-12-0.8,0.0464365413418695,0.000550838043760971
0.14-16-0.8,0.14,16,0.8,14,44,33,1,0.403361344537815,3.87362637362637,FALSE,0.14-16-0.8,0.0311951099480845,0.000125593698336205
0.16-12-0.8,0.16,12,0.8,15,46,33,1,0.387755102040816,4.7,FALSE,0.16-12-0.8,0.0492712074307224,0.000368248948303448
0.09-16-0.8,0.09,16,0.8,15,48,35,1,0.401408450704225,5.50952380952381,FALSE,0.09-16-0.8,0.046043737863925,0.000347852768202725
0.18-12-0.8,0.18,12,0.8,16,47,34,1,0.401408450704225,6.38333333333333,FALSE,0.18-12-0.8,0.047281651138718,0.000171679442338583
0.06-16-0.8,0.06,16,0.8,16,51,38,1,0.386503067484663,4.8,FALSE,0.06-16-0.8,0.0451267414839823,0.000495569385216579
0.05-16-0.8,0.05,16,0.8,17,51,40,1,0.35,5.71323529411765,FALSE,0.05-16-0.8,0.043211330065586,0.000383710581379299
0.12-16-0.8,0.12,16,0.8,17,52,37,1,0.375,4.88970588235294,FALSE,0.12-16-0.8,0.0330990639398027,0.000196736709928096
0.1-16-0.8,0.1,16,0.8,17,52,39,1,0.368715083798883,4.89338235294118,FALSE,0.1-16-0.8,0.0447654759536991,0.000390753814274877
0.08-16-0.8,0.08,16,0.8,17,53,40,1,0.368715083798883,4.88235294117647,FALSE,0.08-16-0.8,0.0454162550093832,0.000328904379500584
0.16-16-0.8,0.16,16,0.8,17,54,41,1,0.355932203389831,4.8125,FALSE,0.16-16-0.8,0.0326587826709087,0.000214624052358787
0.2-16-0.8,0.2,16,0.8,17,55,39,1,0.368421052631579,5.61029411764706,FALSE,0.2-16-0.8,0.0218937261879521,0.000261393827737691
0.09-20-0.8,0.09,20,0.8,17,57,44,1,0.391304347826087,5.59191176470588,FALSE,0.09-20-0.8,0.0311523925223617,0.000223073790972974
0.18-16-0.8,0.18,16,0.8,18,55,42,1,0.366279069767442,6.51633986928105,FALSE,0.18-16-0.8,0.0321972517410278,0.000204414129458379
0.2-12-0.75,0.2,12,0.75,19,51,39,1,0.315789473684211,8.2953216374269,FALSE,0.2-12-0.75,0.0322576359607555,0.000527739976761661
0.07-20-0.8,0.07,20,0.8,19,61,47,1,0.359447004608295,5.76900584795322,FALSE,0.07-20-0.8,0.0229513831913019,0.000118748957174362
0.06-20-0.8,0.06,20,0.8,19,62,48,1,0.371681415929204,5.76315789473684,FALSE,0.06-20-0.8,0.0228974236396871,0.000192469717552119
0.05-12-0.75,0.05,12,0.75,20,52,39,1,0.316666666666667,10.1236842105263,FALSE,0.05-12-0.75,0.0235248366505903,0.00018234659087991
0.08-20-0.8,0.08,20,0.8,20,63,49,1,0.346153846153846,5.83947368421053,FALSE,0.08-20-0.8,0.0244339388419824,0.000261857938757574
0.16-24-0.85,0.16,24,0.85,20,67,39,1,0.394463667820069,7.42631578947368,FALSE,0.16-24-0.85,0.0107192315891433,0.000203189681237627
0.05-24-0.85,0.05,24,0.85,20,69,44,1,0.405144694533762,6.61578947368421,FALSE,0.05-24-0.85,0.0186926809644216,0.000163573233013074
0.1-12-0.75,0.1,12,0.75,21,54,39,1,0.321428571428571,11.0452380952381,FALSE,0.1-12-0.75,0.0247952631304427,0.000246164699422442
0.2-12-0.7,0.2,12,0.7,21,55,43,1,0.28,9.29047619047619,FALSE,0.2-12-0.7,0.0322657223519019,0.000548537507400952
0.1-24-0.85,0.1,24,0.85,21,76,45,1,0.366071428571429,5,FALSE,0.1-24-0.85,0.0189160029412135,0.000217558596368225
0.05-12-0,0.05,12,0,22,55,41,1,0.277777777777778,12.0194805194805,FALSE,0.05-12-0,0.0211071622209583,0.000171695096490694
0.1-20-0.8,0.1,20,0.8,22,69,51,1,0.328301886792453,6.76190476190476,FALSE,0.1-20-0.8,0.0243612594970128,0.000118259750310642
0.2-20-0.8,0.2,20,0.8,22,73,49,1,0.331034482758621,7.18181818181818,FALSE,0.2-20-0.8,0.0166734299797028,0.000258013271485739
0.14-20-0.8,0.14,20,0.8,22,74,50,1,0.34375,7.2012987012987,FALSE,0.14-20-0.8,0.0204023641453587,0.000311164890909186
0.16-28-0.85,0.16,28,0.85,22,75,42,1,0.366847826086957,8.3961038961039,FALSE,0.16-28-0.85,0.00933207811013485,4.66619713753033e-05
0.09-24-0.85,0.09,24,0.85,22,79,46,1,0.356521739130435,5.88961038961039,FALSE,0.09-24-0.85,0.0151924955461265,0.000178224969864438
0.12-12-0.75,0.12,12,0.75,23,56,41,1,0.268867924528302,11.6837944664032,FALSE,0.12-12-0.75,0.0246718331582127,0.000245585059201319
0.1-12-0.7,0.1,12,0.7,23,58,43,1,0.2882096069869,12.0691699604743,FALSE,0.1-12-0.7,0.025422993667486,0.000250314846740417
0.08-12-0.65,0.08,12,0.65,23,59,44,1,0.2882096069869,12.0573122529644,FALSE,0.08-12-0.65,0.0246690581144251,0.000226512613642855
0.18-16-0.75,0.18,16,0.75,23,65,48,1,0.294117647058824,8.55138339920949,FALSE,0.18-16-0.75,0.0207066424495264,0.000277872972168898
0.06-28-0.85,0.06,28,0.85,23,81,44,1,0.359413202933985,6.77865612648221,FALSE,0.06-28-0.85,0.0125679337529089,0.000176892905903709
0.06-24-0.8,0.06,24,0.8,23,82,57,1,0.372151898734177,7.65217391304348,FALSE,0.06-24-0.8,0.0161582145731713,6.56220305682016e-05
0.12-12-0.7,0.12,12,0.7,24,58,43,1,0.253164556962025,12.6086956521739,FALSE,0.12-12-0.7,0.0248230065199246,0.000215577828339438
0.14-12-0.7,0.14,12,0.7,24,60,45,1,0.25,10.9094202898551,FALSE,0.14-12-0.7,0.0264449178464786,0.000230453913634216
0.18-20-0.8,0.18,20,0.8,24,78,52,1,0.316770186335404,8.08695652173913,FALSE,0.18-20-0.8,0.0178068982159898,0.000315700916231208
0.12-20-0.8,0.12,20,0.8,24,80,53,1,0.315789473684211,5.98007246376812,FALSE,0.12-20-0.8,0.0168742121265028,0.000175025424863995
0.05-16-0.75,0.05,16,0.75,25,66,50,1,0.26530612244898,10.4633333333333,FALSE,0.05-16-0.75,0.020469123007154,0.000204280607767096
0.16-16-0.75,0.16,16,0.75,25,68,51,1,0.267857142857143,9.28166666666667,FALSE,0.16-16-0.75,0.0216198958650629,0.000309086911870957
0.2-16-0.7,0.2,16,0.7,25,71,51,1,0.257142857142857,9.48833333333333,FALSE,0.2-16-0.7,0.0171840864073273,9.45828654085988e-05
0.07-28-0.85,0.07,28,0.85,25,85,46,1,0.336448598130841,7.78,FALSE,0.07-28-0.85,0.0115051953558286,0.000135546228872097
0.08-24-0.85,0.08,24,0.85,25,89,55,1,0.344827586206897,6.87,FALSE,0.08-24-0.85,0.0141510411496274,0.000155683358087372
0.12-16-0.75,0.12,16,0.75,26,67,49,1,0.256849315068493,11.0661538461538,FALSE,0.12-16-0.75,0.0210608462227177,0.000169029720324098
0.06-16-0.75,0.06,16,0.75,26,70,52,1,0.273615635179153,10.4861538461538,FALSE,0.06-16-0.75,0.0208597676364674,0.000135095746916892
0.05-24-0.8,0.05,24,0.8,26,90,62,1,0.34304932735426,9.36923076923077,FALSE,0.05-24-0.8,0.0175782459266529,0.000313076118620258
0.1-28-0.85,0.1,28,0.85,26,95,50,1,0.328125,7.72923076923077,FALSE,0.1-28-0.85,0.00961439000075019,0.000175576130158583
0.09-24-0.8,0.09,24,0.8,26,96,60,1,0.34304932735426,7.66,FALSE,0.09-24-0.8,0.0145344812943389,0.000139828437908475
0.12-16-0.7,0.12,16,0.7,27,69,51,1,0.242990654205607,11.982905982906,FALSE,0.12-16-0.7,0.0213352950442198,0.000164537919272076
0.08-16-0.7,0.08,16,0.7,27,72,54,1,0.258928571428571,11.4230769230769,FALSE,0.08-16-0.7,0.0210305077033724,0.000130062138595148
0.1-32-0.85,0.1,32,0.85,27,97,51,1,0.321428571428571,8.66809116809117,FALSE,0.1-32-0.85,0.0100485207035846,2.1490942023138e-05
0.1-16-0.65,0.1,16,0.65,28,72,54,1,0.25,12.3902116402116,FALSE,0.1-16-0.65,0.021291061908517,9.50580762271987e-05
0.09-20-0.75,0.09,20,0.75,28,79,61,1,0.274238227146814,10.5542328042328,FALSE,0.09-20-0.75,0.0182116211363872,0.000281460566932222
0.1-20-0.75,0.1,20,0.75,28,81,58,1,0.272727272727273,10.542328042328,FALSE,0.1-20-0.75,0.014920216958467,0.000130037194993779
0.09-28-0.85,0.09,28,0.85,28,99,51,1,0.319391634980989,9.58730158730159,FALSE,0.09-28-0.85,0.00867844053679915,6.91133729275559e-05
0.1-24-0.8,0.1,24,0.8,28,100,65,1,0.328767123287671,7.80555555555556,FALSE,0.1-24-0.8,0.0155717457494735,0.000246683069300644
0.16-36-0.85,0.16,36,0.85,28,105,57,1,0.315286624203822,10.1428571428571,FALSE,0.16-36-0.85,0.0095286599242435,0.00011305447528201
0.12-16-0,0.12,16,0,29,71,53,1,0.225433526011561,13.85960591133,FALSE,0.12-16-0,0.0216128095941926,0.000147010098420656
0.06-16-0.65,0.06,16,0.65,29,74,56,1,0.237704918032787,13.3288177339901,FALSE,0.06-16-0.65,0.0214572872368307,0.000220612398143409
0.09-20-0.7,0.09,20,0.7,29,81,63,1,0.260204081632653,11.493842364532,FALSE,0.09-20-0.7,0.0180402740585627,7.09376905207282e-05
0.2-20-0.7,0.2,20,0.7,29,86,58,1,0.255760368663594,10.8866995073892,FALSE,0.2-20-0.7,0.0148294898357638,0.00020837136315404
0.07-24-0.8,0.07,24,0.8,29,100,67,1,0.320987654320988,10.2278325123153,FALSE,0.07-24-0.8,0.0153578123736293,0.000238331033819335
0.09-32-0.85,0.09,32,0.85,29,102,53,1,0.313513513513514,9.63177339901478,FALSE,0.09-32-0.85,0.00886540204976729,9.62785122669004e-05
0.08-24-0.8,0.08,24,0.8,29,103,66,1,0.316981132075472,8.69827586206897,FALSE,0.08-24-0.8,0.0132930001365745,0.000106420501011223
0.2-16-0,0.2,16,0,30,77,54,1,0.212041884816754,13.3632183908046,FALSE,0.2-16-0,0.0163180317280936,0.000147572677219887
0.09-20-0.65,0.09,20,0.65,30,82,64,1,0.251851851851852,12.4494252873563,FALSE,0.09-20-0.65,0.0184049739915354,9.5032030857025e-05
0.06-20-0.75,0.06,20,0.75,30,83,64,1,0.271317829457364,12.3747126436782,FALSE,0.06-20-0.75,0.0164017798620034,0.000232127013161902
0.14-20-0.75,0.14,20,0.75,30,87,58,1,0.256944444444444,11.6310344827586,FALSE,0.14-20-0.75,0.015077225567029,0.000209347442735179
0.12-20-0.75,0.12,20,0.75,30,88,59,1,0.254004576659039,10.4011494252874,FALSE,0.12-20-0.75,0.014044492628986,0.000202803565827783
0.2-24-0.8,0.2,24,0.8,30,104,62,1,0.313513513513514,10.3563218390805,FALSE,0.2-24-0.8,0.00968325015808768,6.48444062547755e-05
0.05-20-0.7,0.05,20,0.7,31,82,63,1,0.25609756097561,14.7774193548387,FALSE,0.05-20-0.7,0.0189702454073957,0.0001846697296785
0.09-20-0.5,0.09,20,0.5,31,84,66,1,0.25,13.3268817204301,FALSE,0.09-20-0.5,0.0186049132483427,0.000217820418203578
0.16-20-0.7,0.16,20,0.7,31,91,60,1,0.249466950959488,10.1645161290323,FALSE,0.16-20-0.7,0.015801517596814,8.04503685083123e-05
0.18-24-0.8,0.18,24,0.8,31,107,64,1,0.309982486865149,10.3827956989247,FALSE,0.18-24-0.8,0.00987842750691457,0.00018473204685676
0.06-28-0.8,0.06,28,0.8,31,114,70,1,0.309417040358744,9.63548387096774,FALSE,0.06-28-0.8,0.0120865919145516,4.1795947845961e-05
0.16-40-0.85,0.16,40,0.85,31,123,68,1,0.30718085106383,9.63655913978495,FALSE,0.16-40-0.85,0.0086902511221119,0.000142603678832609
0.05-20-0.65,0.05,20,0.65,32,83,64,1,0.247641509433962,15.7258064516129,FALSE,0.05-20-0.65,0.0194094017795712,0.000115222717964961
0.07-36-0.85,0.07,36,0.85,32,108,55,1,0.283018867924528,11.5625,FALSE,0.07-36-0.85,0.00806703952176853,0.000122561600686321
0.08-28-0.85,0.08,28,0.85,32,110,60,1,0.307570977917981,11.5252016129032,FALSE,0.08-28-0.85,0.00898766922212736,6.07397485181614e-05
0.05-36-0.85,0.05,36,0.85,32,113,60,1,0.283185840707965,11.304435483871,FALSE,0.05-36-0.85,0.00866993546490498,0.000103834189043413
0.07-28-0.8,0.07,28,0.8,32,116,71,1,0.305084745762712,10.3800403225806,FALSE,0.07-28-0.8,0.0123540380131511,0.000155008503166929
0.05-20-0,0.05,20,0,33,84,64,1,0.237020316027088,16.6732954545455,FALSE,0.05-20-0,0.0180423196637675,0.000144821176482864
0.18-20-0.4,0.18,20,0.4,33,92,61,1,0.23030303030303,13.7092803030303,FALSE,0.18-20-0.4,0.0139430987561945,0.000274780272791538
0.16-24-0.8,0.16,24,0.8,33,111,64,1,0.309278350515464,10.5549242424242,FALSE,0.16-24-0.8,0.0105056192902844,0.00010289898321123
0.08-20-0,0.08,20,0,34,87,68,1,0.225165562913907,16.2201426024955,FALSE,0.08-20-0,0.0168006313509318,0.000324768503404898
0.06-20-0.65,0.06,20,0.65,34,88,69,1,0.237885462555066,16.7147950089127,FALSE,0.06-20-0.65,0.0172825720860199,0.00032875166486599
0.18-20-0,0.18,20,0,34,93,62,1,0.223091976516634,14.6372549019608,FALSE,0.18-20-0,0.0141092629518337,0.000172321109068431
0.16-20-0.4,0.16,20,0.4,34,94,62,1,0.225433526011561,12.8226381461676,FALSE,0.16-20-0.4,0.014637284282435,0.000170051332017741
0.06-20-0.5,0.06,20,0.5,35,89,70,1,0.230277185501066,17.6697478991597,FALSE,0.06-20-0.5,0.0176480383684691,0.00020595993754017
0.06-24-0.75,0.06,24,0.75,35,111,75,1,0.285024154589372,14.0798319327731,FALSE,0.06-24-0.75,0.0133246714120347,0.000149466016533592
0.12-24-0.8,0.12,24,0.8,35,118,66,1,0.294851794071763,11.6109243697479,FALSE,0.12-24-0.8,0.00851072489119411,6.91759319443745e-05
0.05-32-0.8,0.05,32,0.8,35,119,76,1,0.287373004354136,13.9235294117647,FALSE,0.05-32-0.8,0.0113196145836451,9.05480222563778e-05
0.07-40-0.85,0.07,40,0.85,35,121,64,1,0.271621621621622,11.6647058823529,FALSE,0.07-40-0.85,0.00801684145994217,7.30361490071839e-05
0.1-24-0.75,0.1,24,0.75,36,114,71,1,0.275187969924812,12.6452380952381,FALSE,0.1-24-0.75,0.0116128288959396,0.000124010661026846
0.07-24-0.75,0.07,24,0.75,36,114,74,1,0.270998415213946,14.1190476190476,FALSE,0.07-24-0.75,0.0119454174630709,0.000143303622012024
0.09-24-0.75,0.09,24,0.75,36,116,72,1,0.272727272727273,12.6055555555556,FALSE,0.09-24-0.75,0.0110809100481319,0.000127954662590921
0.16-44-0.85,0.16,44,0.85,36,152,88,1,0.294117647058824,9.73492063492063,FALSE,0.16-44-0.85,0.00802498828405546,0.000218547318729927
0.05-24-0.75,0.05,24,0.75,37,114,77,1,0.274809160305344,16.5608108108108,FALSE,0.05-24-0.75,0.0138479675349464,0.000186908105795857
0.06-24-0.7,0.06,24,0.7,37,115,78,1,0.265602322206096,16.0135135135135,FALSE,0.06-24-0.7,0.0138418823606231,5.37004919089921e-05
0.08-24-0.75,0.08,24,0.75,37,117,72,1,0.266375545851528,13.5630630630631,FALSE,0.08-24-0.75,0.0102932544201991,0.000134010216527781
0.1-24-0.7,0.1,24,0.7,37,117,73,1,0.264705882352941,13.5908408408408,FALSE,0.1-24-0.7,0.0114908044507474,8.06837841053464e-05
0.2-28-0.8,0.2,28,0.8,37,132,76,1,0.27239263803681,10.734984984985,FALSE,0.2-28-0.8,0.00884733000718989,6.82285388792898e-05
0.2-44-0.85,0.2,44,0.85,37,155,89,1,0.282282282282282,9.79279279279279,FALSE,0.2-44-0.85,0.00809989640944006,9.55434531237312e-05
0.05-24-0.7,0.05,24,0.7,38,117,79,1,0.263829787234043,17.5135135135135,FALSE,0.05-24-0.7,0.0140322006952631,0.000167669816323903
0.08-24-0.7,0.08,24,0.7,38,120,74,1,0.256445047489824,14.5135135135135,FALSE,0.08-24-0.7,0.0104204428054531,7.81318268123759e-05
0.08-36-0.85,0.08,36,0.85,38,136,76,1,0.267981438515081,10.0334281650071,FALSE,0.08-36-0.85,0.00891180825821653,0.000172286027371792
0.07-24-0.65,0.07,24,0.65,39,121,80,1,0.251748251748252,16.9892037786775,FALSE,0.07-24-0.65,0.0123241909873879,0.000105539713297921
0.2-24-0.75,0.2,24,0.75,39,122,71,1,0.264352469959947,15.1788124156545,FALSE,0.2-24-0.75,0.00928230301514107,0.000190710234710326
0.09-28-0.8,0.09,28,0.8,39,130,71,1,0.27877947295423,14.4547908232119,FALSE,0.09-28-0.8,0.00845929580135414,0.000127335713927584
0.18-28-0.8,0.18,28,0.8,39,137,79,1,0.266666666666667,11.7098515519568,FALSE,0.18-28-0.8,0.00924603015557223,7.75109598843596e-05
0.08-40-0.85,0.08,40,0.85,39,141,80,1,0.269189189189189,10.0452091767881,FALSE,0.08-40-0.85,0.00899941542662355,9.20214244406039e-05
0.2-32-0.8,0.2,32,0.8,39,143,85,1,0.267100977198697,10.780701754386,FALSE,0.2-32-0.8,0.00899002546404546,0.000238173967157153
0.07-44-0.85,0.07,44,0.85,39,145,78,1,0.268370607028754,10.8211875843455,FALSE,0.07-44-0.85,0.00696915528736351,4.66181641185819e-05
0.16-48-0.85,0.16,48,0.85,39,166,97,1,0.279197080291971,9.83333333333333,FALSE,0.16-48-0.85,0.00909354239471773,0.000196176079570113
0.06-24-0.65,0.06,24,0.65,40,120,83,1,0.255845942228336,19.4064102564103,FALSE,0.06-24-0.65,0.014389638972976,0.000154611213346139
0.07-24-0.6,0.07,24,0.6,40,122,81,1,0.245231607629428,17.9647435897436,FALSE,0.07-24-0.6,0.0125981137725853,0.000120581910276987
0.08-24-0.65,0.08,24,0.65,40,124,78,1,0.248062015503876,15.5551282051282,FALSE,0.08-24-0.65,0.0106602991474214,0.000143863653505919
0.2-24-0.7,0.2,24,0.7,40,125,73,1,0.254681647940075,16.1166666666667,FALSE,0.2-24-0.7,0.00933513454132187,0.000153141043689584
0.09-24-0.5,0.09,24,0.5,40,128,81,1,0.253246753246753,15.2942307692308,FALSE,0.09-24-0.5,0.0112542455095319,0.000190104080460484
0.08-28-0.8,0.08,28,0.8,40,134,74,1,0.27307206068268,14.5935897435897,FALSE,0.08-28-0.8,0.00785101696372931,4.75121603615731e-05
0.18-32-0.8,0.18,32,0.8,40,142,83,1,0.267682263329706,11.7288461538462,FALSE,0.18-32-0.8,0.00928740918833599,0.000235765584504452
0.18-48-0.85,0.18,48,0.85,40,170,99,1,0.266490765171504,9.87948717948718,FALSE,0.18-48-0.85,0.00910470274567626,0.00020267541364762
0.06-24-0.5,0.06,24,0.5,41,121,84,1,0.249664429530201,20.3731707317073,FALSE,0.06-24-0.5,0.0145155576118948,3.74829918640977e-05
0.07-24-0,0.07,24,0,41,123,82,1,0.238726790450928,18.9414634146341,FALSE,0.07-24-0,0.0127360532091545,3.73298592549568e-05
0.16-24-0.75,0.16,24,0.75,41,126,72,1,0.262059973924381,14.2310975609756,FALSE,0.16-24-0.75,0.00976528153075411,6.54310651554193e-05
0.1-24-0.45,0.1,24,0.45,41,127,81,1,0.249679897567222,16.2951219512195,FALSE,0.1-24-0.45,0.011885222655122,7.88431602759358e-05
0.08-24-0.55,0.08,24,0.55,41,129,81,1,0.24746192893401,16.2634146341463,FALSE,0.08-24-0.55,0.0104455348607387,7.13540488871534e-05
0.14-28-0.8,0.14,28,0.8,41,135,74,1,0.26860025220681,14.4036585365854,FALSE,0.14-28-0.8,0.00945329916281788,8.47989082886561e-05
0.06-32-0.8,0.06,32,0.8,41,139,76,1,0.268551236749117,14.5493902439024,FALSE,0.06-32-0.8,0.00732082569317999,4.85560069427872e-05
0.2-48-0.85,0.2,48,0.85,41,175,104,1,0.260759493670886,9.90609756097561,FALSE,0.2-48-0.85,0.00962989007278877,0.000151929224982134
0.06-24-0.4,0.06,24,0.4,42,122,85,1,0.248,21.3513356562137,FALSE,0.06-24-0.4,0.0145611796190136,0.000109012390389867
0.05-44-0.85,0.05,44,0.85,42,147,77,1,0.253333333333333,14.3269454123113,FALSE,0.05-44-0.85,0.00769246657628582,0.000140753754524572
0.05-36-0.8,0.05,36,0.8,42,149,87,1,0.240506329113924,10.9488966318235,FALSE,0.05-36-0.8,0.00857721377008945,0.000105336419697466
0.08-44-0.85,0.08,44,0.85,42,161,91,1,0.265927977839335,9.13008130081301,FALSE,0.08-44-0.85,0.00776773594147111,0.000107099212948324
0.06-52-0.85,0.06,52,0.85,42,180,102,1,0.294072948328267,8.1068524970964,FALSE,0.06-52-0.85,0.00735601638189356,9.60632334243148e-05
0.06-24-0.25,0.06,24,0.25,43,123,86,1,0.241872561768531,22.3205980066445,FALSE,0.06-24-0.25,0.0146331435055802,0.000147107852358321
0.12-24-0.75,0.12,24,0.75,43,131,73,1,0.250311332503113,15.4102990033223,FALSE,0.12-24-0.75,0.00809386901175959,5.33121787019339e-05
0.16-32-0.8,0.16,32,0.8,43,148,85,1,0.266666666666667,11.0442967884828,FALSE,0.16-32-0.8,0.00972706576567871,8.02766593982825e-05
0.14-24-0.75,0.14,24,0.75,44,132,75,1,0.249388753056235,14.4059196617336,FALSE,0.14-24-0.75,0.009996637900433,0.000192258745196328
0.18-24-0.7,0.18,24,0.7,44,133,76,1,0.245260663507109,16.3393234672304,FALSE,0.18-24-0.7,0.00960707221992696,7.11053299152261e-05
0.1-32-0.8,0.1,32,0.8,44,146,83,1,0.250549450549451,14.5179704016913,FALSE,0.1-32-0.8,0.00947622444506453,5.41021752939162e-05
0.14-32-0.8,0.14,32,0.8,44,150,85,1,0.259105098855359,10.2024312896406,FALSE,0.14-32-0.8,0.00995397350679977,0.000139891445286589
0.05-48-0.85,0.05,48,0.85,44,156,84,1,0.249258160237389,14.3895348837209,FALSE,0.05-48-0.85,0.00802472172116512,0.000105434306604078
0.16-52-0.85,0.16,52,0.85,44,194,112,1,0.281947261663286,9.92019027484144,FALSE,0.16-52-0.85,0.00897784374983436,0.000103628972593734
0.1-52-0.85,0.1,52,0.85,44,197,116,1,0.279401767505099,9.00158562367865,FALSE,0.1-52-0.85,0.00996784791338574,0.000127546974772451
0.14-24-0.7,0.14,24,0.7,45,135,77,1,0.240825688073394,15.3217171717172,FALSE,0.14-24-0.7,0.0099891557598469,0.000241745378164823
0.12-32-0.8,0.12,32,0.8,45,153,85,1,0.249249249249249,9.4510101010101,FALSE,0.12-32-0.8,0.00835172616831144,0.0001300644296064
0.2-36-0.8,0.2,36,0.8,45,179,107,1,0.235929067077872,10.1414141414141,FALSE,0.2-36-0.8,0.00873905546085468,7.90457971977444e-05
0.14-52-0.85,0.14,52,0.85,45,196,109,1,0.270524899057873,9.95656565656566,FALSE,0.14-52-0.85,0.00935597295263316,0.000284599548370842
0.07-52-0.85,0.07,52,0.85,45,198,110,1,0.275771503611293,10.8424242424242,FALSE,0.07-52-0.85,0.00726536521246716,3.85694498834998e-05
0.06-56-0.85,0.06,56,0.85,45,200,110,1,0.284499672988882,9.08737373737374,FALSE,0.06-56-0.85,0.00634569614288665,0.000146729363917917
0.06-28-0.75,0.06,28,0.75,46,148,86,1,0.256493506493506,18.2830917874396,FALSE,0.06-28-0.75,0.00868697950818163,0.00019428347378228
0.08-48-0.85,0.08,48,0.85,46,194,111,1,0.260869565217391,10.0632850241546,FALSE,0.08-48-0.85,0.00773840546123603,0.00014473069569679
0.09-52-0.85,0.09,52,0.85,46,202,115,1,0.263935527199463,9.96570048309179,FALSE,0.09-52-0.85,0.00900282303017659,0.000175958707084618
0.1-56-0.85,0.1,56,0.85,46,210,127,1,0.273873873873874,9.01256038647343,FALSE,0.1-56-0.85,0.0104717523714196,0.000179389468891972
0.12-24-0.65,0.12,24,0.65,47,139,80,1,0.230263157894737,18.3209990749306,FALSE,0.12-24-0.65,0.0082987292809431,0.000131476612813526
0.05-28-0.65,0.05,28,0.65,47,139,90,1,0.240659340659341,20.9629972247919,FALSE,0.05-28-0.65,0.0130132265190413,0.000103335443622779
0.09-36-0.8,0.09,36,0.8,47,169,96,1,0.24032403240324,9.31128584643848,FALSE,0.09-36-0.8,0.00913656368344635,0.000149155887109125
0.18-36-0.8,0.18,36,0.8,47,185,111,1,0.23059866962306,11.1193339500463,FALSE,0.18-36-0.8,0.00902555351979547,0.00013934164183192
0.12-24-0,0.12,24,0,48,140,81,1,0.225321888412017,19.2734929078014,FALSE,0.12-24-0,0.00852527339336474,0.0001259771455812
0.12-36-0.8,0.12,36,0.8,48,171,96,1,0.23717409587889,9.43040780141844,FALSE,0.12-36-0.8,0.0084049516564353,7.13906517151886e-05
0.14-36-0.8,0.14,36,0.8,48,171,98,1,0.237573715248526,10.2163120567376,FALSE,0.14-36-0.8,0.00967358163511251,0.000104308320532177
0.05-52-0.85,0.05,52,0.85,48,191,104,1,0.265449438202247,9.18572695035461,FALSE,0.05-52-0.85,0.00699792753142938,0.000104718445010088
0.12-52-0.85,0.12,52,0.85,48,208,120,1,0.269279393173198,10.050975177305,FALSE,0.12-52-0.85,0.00840611861951108,0.00014734877078254
0.08-52-0.85,0.08,52,0.85,48,213,121,1,0.270142180094787,10.0500886524823,FALSE,0.08-52-0.85,0.00787763479189835,0.000135594778304451
0.09-56-0.85,0.09,56,0.85,48,215,126,1,0.259940652818991,9.97872340425532,FALSE,0.09-56-0.85,0.00973793552487393,0.000183793453117692
0.18-52-0.85,0.18,52,0.85,48,219,129,1,0.273198847262248,9.97695035460993,FALSE,0.18-52-0.85,0.00933997263099361,0.000100379924147148
0.18-24-0,0.18,24,0,49,141,82,1,0.228013029315961,19.6122448979592,FALSE,0.18-24-0,0.00939375807242603,0.000221118021432243
0.05-28-0.2,0.05,28,0.2,49,141,92,1,0.230283911671924,22.8818027210884,FALSE,0.05-28-0.2,0.0133768470046326,0.000202528402275988
0.16-28-0.75,0.16,28,0.75,49,154,85,1,0.228789323164919,16.5518707482993,FALSE,0.16-28-0.75,0.00779302378164733,8.35382177616465e-05
0.2-28-0.75,0.2,28,0.75,49,160,92,1,0.221441124780316,13.1892006802721,FALSE,0.2-28-0.75,0.00739344580378349,6.08102632308988e-05
0.1-36-0.8,0.1,36,0.8,49,174,101,1,0.23134328358209,10.2627551020408,FALSE,0.1-36-0.8,0.00924308866751435,8.79619973132749e-05
0.16-36-0.8,0.16,36,0.8,49,186,109,1,0.232142857142857,10.328656462585,FALSE,0.16-36-0.8,0.00939909882776479,7.17664576767326e-05
0.09-60-0.85,0.09,60,0.85,49,219,130,1,0.253424657534247,10.0034013605442,FALSE,0.09-60-0.85,0.00989318897200882,0.000183616683644749
0.16-56-0.85,0.16,56,0.85,49,221,130,1,0.273494653911086,10.9047619047619,FALSE,0.16-56-0.85,0.0091581477517911,9.42024447794619e-05
0.2-56-0.85,0.2,56,0.85,49,222,132,1,0.269380925822644,9.99872448979592,FALSE,0.2-56-0.85,0.00930430263138723,9.1799433927741e-05
0.05-28-0,0.05,28,0,50,142,92,1,0.224845995893224,23.8420408163265,FALSE,0.05-28-0,0.0128512141796322,0.00014863620063407
0.06-28-0.65,0.06,28,0.65,50,156,93,1,0.235181644359465,21.2538775510204,FALSE,0.06-28-0.65,0.00907693120468822,5.09193577171056e-05
0.1-28-0.75,0.1,28,0.75,50,157,85,1,0.244422890397672,15.989387755102,FALSE,0.1-28-0.75,0.00763408974422002,0.000151907526057019
0.08-28-0.7,0.08,28,0.7,50,158,85,1,0.235023041474654,18.7208163265306,FALSE,0.08-28-0.7,0.00636572729475755,0.00019425618365801
0.09-28-0.75,0.09,28,0.75,50,159,86,1,0.242540904716073,15.9689795918367,FALSE,0.09-28-0.75,0.00723670535679429,9.45374432820087e-05
0.2-28-0.7,0.2,28,0.7,50,163,94,1,0.215179316096747,14.1391836734694,FALSE,0.2-28-0.7,0.00758423873573182,0.000131637392942301
0.07-36-0.8,0.07,36,0.8,50,172,97,1,0.223433242506812,12.9028571428571,FALSE,0.07-36-0.8,0.00923756232847029,0.000203854200443457
0.09-40-0.8,0.09,40,0.8,50,182,105,1,0.23463687150838,9.35428571428571,FALSE,0.09-40-0.8,0.00892003674419002,0.000140368318748508
0.2-40-0.8,0.2,40,0.8,50,209,123,1,0.226168224299065,10.2228571428571,FALSE,0.2-40-0.8,0.00761664351591493,0.000125157618665494
0.05-32-0.7,0.05,32,0.7,51,152,92,1,0.230997038499506,22.7937254901961,FALSE,0.05-32-0.7,0.00970386281775257,7.38043702638306e-05
0.09-28-0.7,0.09,28,0.7,51,162,88,1,0.235186873290793,16.921568627451,FALSE,0.09-28-0.7,0.00726210765637757,0.000119331454408234
0.18-28-0.75,0.18,28,0.75,51,164,94,1,0.220588235294118,13.7796078431373,FALSE,0.18-28-0.75,0.007965148480249,0.000158095946068595
0.18-40-0.8,0.18,40,0.8,51,214,126,1,0.223692122669874,11.1427450980392,FALSE,0.18-40-0.8,0.00785953623984848,0.000124047749803792
0.06-28-0.4,0.06,28,0.4,52,158,95,1,0.2296918767507,23.2115384615385,FALSE,0.06-28-0.4,0.00924561903458645,8.63955164424792e-05
0.07-32-0.75,0.07,32,0.75,52,165,87,1,0.23224043715847,19.4898190045249,FALSE,0.07-32-0.75,0.00610850757752557,7.10513015286104e-05
0.1-40-0.8,0.1,40,0.8,52,187,110,1,0.226331360946746,10.3050527903469,FALSE,0.1-40-0.8,0.00921729299648622,7.36361284244327e-05
0.14-56-0.85,0.14,56,0.85,52,221,124,1,0.251724137931034,11.0965309200603,FALSE,0.14-56-0.85,0.00913373631632372,0.000189761243385027
0.06-60-0.85,0.06,60,0.85,52,227,133,1,0.268147345612134,10.1749622926094,FALSE,0.06-60-0.85,0.0073717213169843,0.000115595242461965
0.12-56-0.85,0.12,56,0.85,52,228,132,1,0.257668711656442,11.0614630467572,FALSE,0.12-56-0.85,0.00830772218754189,0.000197419022650709
0.16-60-0.85,0.16,60,0.85,52,234,136,1,0.265842349304482,10.9649321266968,FALSE,0.16-60-0.85,0.008161413689673,0.000153094875000183
0.18-60-0.85,0.18,60,0.85,52,239,139,1,0.261392088132198,10.038838612368,FALSE,0.18-60-0.85,0.00848632219316227,5.9760801859927e-05
0.05-32-0.65,0.05,32,0.65,53,156,96,1,0.224431818181818,23.8642960812772,FALSE,0.05-32-0.65,0.00986671541266826,9.05582139440821e-05
0.12-28-0.7,0.12,28,0.7,53,167,92,1,0.218321917808219,18.2728592162554,FALSE,0.12-28-0.7,0.00788426194261328,7.90105502327249e-05
0.08-28-0.55,0.08,28,0.55,53,168,92,1,0.2265625,20.47206095791,FALSE,0.08-28-0.55,0.0063418453615126,0.000152174460288205
0.06-40-0.8,0.06,40,0.8,53,185,106,1,0.218097447795824,13.1923076923077,FALSE,0.06-40-0.8,0.00856548343549447,0.000167614116676055
0.07-60-0.85,0.07,60,0.85,53,229,135,1,0.253205128205128,11.9967343976778,FALSE,0.07-60-0.85,0.00888975158957264,0.000136752386332926
0.05-60-0.85,0.05,60,0.85,53,230,127,1,0.263271939328277,9.33526850507983,FALSE,0.05-60-0.85,0.00646147159952814,0.000149652619876518
0.2-60-0.85,0.2,60,0.85,53,242,143,1,0.256422924901186,10.0656748911466,FALSE,0.2-60-0.85,0.00858196324232959,0.000210798126049108
0.1-28-0.65,0.1,28,0.65,54,165,92,1,0.226759339704605,18.9182389937107,FALSE,0.1-28-0.65,0.00798648724719106,0.000154044843128702
0.2-32-0.7,0.2,32,0.7,54,177,104,1,0.2081811541271,16.0897973445143,FALSE,0.2-32-0.7,0.007614475958997,4.97928248477319e-05
0.05-40-0.8,0.05,40,0.8,54,189,109,1,0.213949843260188,13.0632424877708,FALSE,0.05-40-0.8,0.00845192544896402,0.000262959661000868
0.08-56-0.85,0.08,56,0.85,54,245,146,1,0.259671179883946,10.1589797344514,FALSE,0.08-56-0.85,0.00927209805657014,0.00016583586785488
0.05-32-0.6,0.05,32,0.6,55,158,98,1,0.21565059144677,25.7946127946128,FALSE,0.05-32-0.6,0.0100600169676756,5.33875025200921e-05
0.09-28-0.45,0.09,28,0.45,55,173,96,1,0.223161453930685,19.6360269360269,FALSE,0.09-28-0.45,0.00754073106142858,0.000120826368314029
0.08-40-0.8,0.08,40,0.8,55,196,113,1,0.216666666666667,11.2717171717172,FALSE,0.08-40-0.8,0.00848528707656036,7.71418078536438e-05
0.07-40-0.8,0.07,40,0.8,55,199,116,1,0.21627408993576,9.58518518518519,FALSE,0.07-40-0.8,0.00896106528813675,7.51765980534072e-05
0.16-40-0.8,0.16,40,0.8,55,223,130,1,0.21875,10.3750841750842,FALSE,0.16-40-0.8,0.00761169579507603,8.76752607393157e-05
0.05-32-0.2,0.05,32,0.2,56,159,99,1,0.212938005390836,26.7720779220779,FALSE,0.05-32-0.2,0.00939260628914337,6.97386713411306e-05
0.09-32-0.75,0.09,32,0.75,56,178,98,1,0.218051118210863,17.7243506493507,FALSE,0.09-32-0.75,0.00748115560310594,9.47662935792949e-05
0.14-40-0.8,0.14,40,0.8,56,222,128,1,0.215789473684211,10.3113636363636,FALSE,0.14-40-0.8,0.00839136849170815,0.0001346107823607
0.05-32-0,0.05,32,0,57,160,99,1,0.20844327176781,27.7387218045113,FALSE,0.05-32-0,0.0093441560201876,9.25797234602171e-05
0.2-28-0.4,0.2,28,0.4,57,177,103,1,0.198365527488856,15.2941729323308,FALSE,0.2-28-0.4,0.00797854646428506,0.000130311554031016
0.09-32-0.7,0.09,32,0.7,57,181,100,1,0.212328767123288,18.6694862155388,FALSE,0.09-32-0.7,0.00754128369079718,0.000101657759979109
0.18-44-0.8,0.18,44,0.8,57,249,151,1,0.22700296735905,9.39880952380952,FALSE,0.18-44-0.8,0.00821119886817949,7.16564500619226e-05
0.12-60-0.85,0.12,60,0.85,57,253,148,1,0.254676258992806,12.0535714285714,FALSE,0.12-60-0.85,0.00823871003423642,0.000112974143887995
0.14-28-0,0.14,28,0,58,174,100,1,0.197028928850665,21.2041742286751,FALSE,0.14-28-0,0.00860815115634599,5.47573673033495e-05
0.07-32-0,0.07,32,0,58,176,97,1,0.210526315789474,24.3142770719903,FALSE,0.07-32-0,0.00639196959051032,0.000105908967903408
0.06-32-0.4,0.06,32,0.4,59,180,100,1,0.210847975553858,25.239918176505,FALSE,0.06-32-0.4,0.00639261857855908,7.24173539045166e-05
0.08-32-0.55,0.08,32,0.55,59,184,101,1,0.210485736314572,21.33284628872,FALSE,0.08-32-0.55,0.00722623389717087,0.000108200745045675
0.06-36-0.75,0.06,36,0.75,59,193,106,1,0.209145427286357,16.7700175336061,FALSE,0.06-36-0.75,0.00758965198104309,0.000202371054588654
0.14-60-0.85,0.14,60,0.85,59,256,143,1,0.245492371705964,12.0973115137347,FALSE,0.14-60-0.85,0.00781616451375148,8.48920358103232e-05
0.08-60-0.85,0.08,60,0.85,59,258,154,1,0.247297297297297,12.0128579777908,FALSE,0.08-60-0.85,0.00956599353092451,0.000186787187203578
0.06-32-0.25,0.06,32,0.25,60,181,101,1,0.207362885048835,26.2189265536723,FALSE,0.06-32-0.25,0.00663971896423102,3.82848436532122e-05
0.1-32-0.65,0.1,32,0.65,60,183,103,1,0.204996326230713,21.5754237288136,FALSE,0.1-32-0.65,0.00783930118476861,8.60054754226358e-05
0.07-36-0.75,0.07,36,0.75,60,197,108,1,0.201716738197425,15.8988700564972,FALSE,0.07-36-0.75,0.00764571419665806,6.99614005401171e-05
0.07-44-0.8,0.07,44,0.8,60,226,133,1,0.218280216476248,8.695197740113,FALSE,0.07-44-0.8,0.00823587143488534,0.000177567583500233
0.06-48-0.8,0.06,48,0.8,60,226,134,1,0.213916043703278,9.60480225988701,FALSE,0.06-48-0.8,0.00835262466462847,0.000141114296117313
0.09-44-0.8,0.09,44,0.8,60,250,145,1,0.219289340101523,9.42966101694915,FALSE,0.09-44-0.8,0.00792926484129755,5.66451288768973e-05
0.12-44-0.8,0.12,44,0.8,60,252,147,1,0.215837759536456,8.55084745762712,FALSE,0.12-44-0.8,0.00750388393798783,0.000100063315286073
0.16-44-0.8,0.16,44,0.8,60,255,154,1,0.22329627839536,10.4186440677966,FALSE,0.16-44-0.8,0.00799837774937632,0.000126103675510481
0.08-32-0.4,0.08,32,0.4,61,187,104,1,0.205417607223476,23.1677595628415,FALSE,0.08-32-0.4,0.00743708405535336,0.000128289571329801
0.1-32-0.45,0.1,32,0.45,61,188,106,1,0.20479302832244,22.3745901639344,FALSE,0.1-32-0.45,0.00789365041990066,0.00013963936416874
0.14-32-0.7,0.14,32,0.7,61,190,109,1,0.197395476353667,17.7387978142077,FALSE,0.14-32-0.7,0.00825294859043093,3.84843890696306e-05
0.09-32-0.45,0.09,32,0.45,61,192,108,1,0.202127659574468,21.3795081967213,FALSE,0.09-32-0.45,0.00775764180577928,0.000144824873901552
0.09-36-0.75,0.09,36,0.75,61,206,116,1,0.20532319391635,14.1887978142076,FALSE,0.09-36-0.75,0.00780051327579541,0.000179332475109874
0.18-36-0.75,0.18,36,0.75,61,217,128,1,0.192134831460674,14.8426229508197,FALSE,0.18-36-0.75,0.00776050131734466,0.000267907576024841
0.08-44-0.8,0.08,44,0.8,61,225,132,1,0.213793103448276,11.3601092896175,FALSE,0.08-44-0.8,0.00840919916198692,0.000138477202270872
0.08-32-0.3,0.08,32,0.3,62,188,105,1,0.201923076923077,24.132469592808,FALSE,0.08-32-0.3,0.00742404769282341,5.39945561934084e-05
0.2-32-0,0.2,32,0,62,192,114,1,0.189799870884442,18.2033315705976,FALSE,0.2-32-0,0.00818096356122593,9.26009527238966e-05
0.1-36-0.75,0.1,36,0.75,62,205,116,1,0.203551046290425,16.0875198307774,FALSE,0.1-36-0.75,0.0078468439238584,0.000125554464069833
0.09-48-0.8,0.09,48,0.8,62,254,148,1,0.213971665852467,11.3172924378636,FALSE,0.09-48-0.8,0.00836446537047104,0.000170060789427526
0.18-48-0.8,0.18,48,0.8,62,270,165,1,0.219101123595506,10.4127445795875,FALSE,0.18-48-0.8,0.0085025033687852,0.000147411532122632
0.16-32-0.4,0.16,32,0.4,63,190,111,1,0.194187582562748,18.9511008704557,FALSE,0.16-32-0.4,0.00824768202161916,0.000112696330541318
0.06-36-0.65,0.06,36,0.65,63,201,113,1,0.195121951219512,19.6310803891449,FALSE,0.06-36-0.65,0.00779081974369883,0.000168708766431502
0.07-36-0.7,0.07,36,0.7,63,203,113,1,0.192256341789052,18.7140296979007,FALSE,0.07-36-0.7,0.00783525471855667,3.43682087755879e-05
0.12-36-0.7,0.12,36,0.7,63,205,117,1,0.193188854489164,17.7378392217102,FALSE,0.12-36-0.7,0.00794404184575402,0.000105299818327335
0.08-36-0.7,0.08,36,0.7,63,207,115,1,0.193548387096774,17.026113671275,FALSE,0.08-36-0.7,0.0071582714333992,9.30072459343189e-05
0.1-36-0.7,0.1,36,0.7,63,208,118,1,0.198542805100182,17.0327700972862,FALSE,0.1-36-0.7,0.00796553647737655,8.37395433957604e-05
0.1-48-0.8,0.1,48,0.8,63,259,154,1,0.209848136217211,11.3100358422939,FALSE,0.1-48-0.8,0.008347067674885,0.000197070236484022
0.16-32-0,0.16,32,0,64,191,112,1,0.190785204412719,19.9045138888889,FALSE,0.16-32-0,0.00836407092358642,0.000106207182918007
0.09-36-0.7,0.09,36,0.7,64,212,120,1,0.196897374701671,17.0416666666667,FALSE,0.09-36-0.7,0.00762981204557692,8.45290225936759e-05
0.06-52-0.8,0.06,52,0.8,64,269,161,1,0.219543147208122,9.55059523809524,FALSE,0.06-52-0.8,0.00814115456043292,0.000154650719453663
0.12-48-0.8,0.12,48,0.8,64,271,164,1,0.209753992231334,9.51364087301587,FALSE,0.12-48-0.8,0.00822696060600306,0.000170086149426811
0.16-48-0.8,0.16,48,0.8,64,273,167,1,0.217993079584775,11.4122023809524,FALSE,0.16-48-0.8,0.00857278565661817,0.000116577944887321
0.2-48-0.8,0.2,48,0.8,64,283,177,1,0.21340964840556,10.4322916666667,FALSE,0.2-48-0.8,0.00864627624133002,5.57128026888388e-05
0.05-36-0.6,0.05,36,0.6,65,194,112,1,0.184300341296928,25.2197115384615,FALSE,0.05-36-0.6,0.00791464130125319,0.000130157702377595
0.14-36-0.7,0.14,36,0.7,65,211,122,1,0.186411149825784,17.7822115384615,FALSE,0.14-36-0.7,0.00858535709839528,0.000139937731981376
0.07-48-0.8,0.07,48,0.8,65,238,141,1,0.20650406504065,11.5915865384615,FALSE,0.07-48-0.8,0.00862181943066175,0.000204356100666978
0.14-48-0.8,0.14,48,0.8,65,275,168,1,0.216695501730104,11.3334134615385,FALSE,0.14-48-0.8,0.00897632324563178,5.06087973594028e-05
0.05-36-0.2,0.05,36,0.2,66,195,113,1,0.182432432432432,26.1780885780886,FALSE,0.05-36-0.2,0.00755708754731162,5.91503250812829e-05
0.06-36-0.25,0.06,36,0.25,66,204,116,1,0.18860510805501,22.4764568764569,FALSE,0.06-36-0.25,0.00800979547346467,9.86698527721597e-05
0.09-36-0.65,0.09,36,0.65,66,217,125,1,0.193325661680092,17.0997668997669,FALSE,0.09-36-0.65,0.00753258207002914,0.000102493477093642
0.09-40-0.75,0.09,40,0.75,66,224,130,1,0.204313280363224,16.1191142191142,FALSE,0.09-40-0.75,0.00778234468139485,8.91808516426957e-05
0.16-36-0.7,0.16,36,0.7,66,225,131,1,0.182622268470343,16.3107226107226,FALSE,0.16-36-0.7,0.00767291488090914,8.61131985208822e-05
0.05-36-0,0.05,36,0,67,196,113,1,0.178807947019868,27.1284486657621,FALSE,0.05-36-0,0.00745859699120711,8.2905721642556e-05
0.08-48-0.8,0.08,48,0.8,67,269,157,1,0.201758241758242,12.3165988240615,FALSE,0.08-48-0.8,0.00786148192055144,8.89593523944218e-05
0.14-36-0.4,0.14,36,0.4,68,217,128,1,0.18046357615894,18.790825285338,FALSE,0.14-36-0.4,0.00849119218122839,0.000118524770933597
0.2-40-0.75,0.2,40,0.75,68,256,149,1,0.187845303867403,13.4405179982441,FALSE,0.2-40-0.75,0.0067181134582405,7.01502135710257e-05
0.05-52-0.8,0.05,52,0.8,68,272,164,1,0.211842105263158,11.4409569798068,FALSE,0.05-52-0.8,0.00817493773692698,6.80729994690762e-05
0.16-52-0.8,0.16,52,0.8,68,300,181,1,0.223104693140794,10.4692712906058,FALSE,0.16-52-0.8,0.00849933878272378,0.000146957451610656
0.09-52-0.8,0.09,52,0.8,68,301,182,1,0.216276477146042,11.3048726953468,FALSE,0.09-52-0.8,0.00918563760459353,9.43279697509183e-05
0.1-52-0.8,0.1,52,0.8,68,301,184,1,0.21530574880996,10.373573309921,FALSE,0.1-52-0.8,0.00909536350201528,0.000118289310517426
0.2-52-0.8,0.2,52,0.8,68,311,191,1,0.21923474663909,9.51097453906936,FALSE,0.2-52-0.8,0.00922141070297636,0.000173306985483568
0.14-36-0,0.14,36,0,69,218,129,1,0.177717391304348,19.7361466325661,FALSE,0.14-36-0,0.0085043509571431,9.25520035399325e-05
0.16-36-0.65,0.16,36,0.65,69,231,137,1,0.177083333333333,17.3209718670077,FALSE,0.16-36-0.65,0.00770973319415967,4.44932607567077e-05
0.2-36-0.65,0.2,36,0.65,69,233,140,1,0.173469387755102,17.3058397271952,FALSE,0.2-36-0.65,0.00805762376307144,9.30639096649473e-05
0.12-40-0.75,0.12,40,0.75,69,251,150,1,0.188555347091932,15.1771099744246,FALSE,0.12-40-0.75,0.00780979548886259,0.000170033169624838
0.08-52-0.8,0.08,52,0.8,69,293,171,1,0.212527964205817,13.2250639386189,FALSE,0.08-52-0.8,0.00809438768020815,0.000114161666431465
0.14-52-0.8,0.14,52,0.8,69,302,182,1,0.221621621621622,10.4030264279625,FALSE,0.14-52-0.8,0.00863056116394218,8.76777900818883e-05
0.06-56-0.8,0.06,56,0.8,69,303,179,1,0.211915804495184,10.5311167945439,FALSE,0.06-56-0.8,0.00784503542747543,0.000255187786553559
0.12-52-0.8,0.12,52,0.8,69,311,189,1,0.21866485013624,9.50639386189258,FALSE,0.12-52-0.8,0.00829948876009583,7.26987153665241e-05
0.18-52-0.8,0.18,52,0.8,69,312,190,1,0.218386876281613,10.4771952259165,FALSE,0.18-52-0.8,0.0091966524491652,0.000155725565308315
0.08-36-0.3,0.08,36,0.3,70,226,130,1,0.181868743047831,18.1395445134576,FALSE,0.08-36-0.3,0.0072586713618639,0.000120607329905058
0.08-40-0.7,0.08,40,0.7,70,232,132,1,0.193037974683544,19.9496894409938,FALSE,0.08-40-0.7,0.0068326848063519,6.96433146771712e-05
0.16-36-0,0.16,36,0,70,232,138,1,0.174572127139364,18.2875776397516,FALSE,0.16-36-0,0.0078958277627731,0.000185235417196232
0.09-40-0.7,0.09,40,0.7,70,235,138,1,0.194210526315789,19.0267080745342,FALSE,0.09-40-0.7,0.00749973378917814,6.42966625096634e-05
0.14-40-0.75,0.14,40,0.75,70,261,151,1,0.18531781557744,13.3540372670807,FALSE,0.14-40-0.75,0.00721494387597516,6.10965875105959e-05
0.06-40-0.65,0.06,40,0.65,71,233,137,1,0.188318777292576,20.3148893360161,FALSE,0.06-40-0.65,0.00770351130386447,0.000115192311382517
0.18-36-0,0.18,36,0,71,236,142,1,0.171510242972844,19.2450704225352,FALSE,0.18-36-0,0.00812714450278559,0.000162240620321625
0.07-40-0.7,0.07,40,0.7,71,240,141,1,0.188284518828452,16.4649899396378,FALSE,0.07-40-0.7,0.00735732645204883,0.000119846705391829
0.2-40-0.7,0.2,40,0.7,71,263,153,1,0.182016586643387,15.39476861167,FALSE,0.2-40-0.7,0.00715623921385181,0.000165508840450803
0.07-52-0.8,0.07,52,0.8,71,302,178,1,0.210954848260548,11.541046277666,FALSE,0.07-52-0.8,0.00781109178450201,0.000108411016873764
0.18-56-0.8,0.18,56,0.8,71,320,194,1,0.214566929133858,10.4979879275654,FALSE,0.18-56-0.8,0.00906347888158015,0.000153662080206512
0.09-56-0.8,0.09,56,0.8,71,321,195,1,0.217333774396295,11.3144869215292,FALSE,0.09-56-0.8,0.00907997046463713,0.000141732198705507
0.06-40-0.55,0.06,40,0.55,72,234,138,1,0.18578352180937,21.2826682316119,FALSE,0.06-40-0.55,0.0076657111026472,0.000178656623810385
0.12-40-0.7,0.12,40,0.7,72,259,156,1,0.181537102473498,17.1140453834116,FALSE,0.12-40-0.7,0.0076190442679376,8.4910811560426e-05
0.18-40-0.7,0.18,40,0.7,72,266,154,1,0.179277730008598,15.4035602503912,FALSE,0.18-40-0.7,0.00742152293421245,7.27174162292779e-05
0.05-56-0.8,0.05,56,0.8,72,288,175,1,0.204843191742755,11.5005868544601,FALSE,0.05-56-0.8,0.00856480798674384,0.00018658399878634
0.07-56-0.8,0.07,56,0.8,72,305,180,1,0.209226298583364,12.5027386541471,FALSE,0.07-56-0.8,0.00811335631553732,0.000188530338552796
0.05-40-0.6,0.05,40,0.6,73,231,137,1,0.180066079295154,24.5494672754947,FALSE,0.05-40-0.6,0.0078975375507089,8.32315370518208e-05
0.09-40-0.65,0.09,40,0.65,73,241,144,1,0.189969604863222,20.0454718417047,FALSE,0.09-40-0.65,0.0077823895621805,8.44648080087888e-05
0.14-56-0.8,0.14,56,0.8,73,322,194,1,0.21599203715992,11.3907914764079,FALSE,0.14-56-0.8,0.0088610942059406,0.000178972011722205
0.06-60-0.8,0.06,60,0.8,73,325,197,1,0.209892613081679,11.4963850837139,FALSE,0.06-60-0.8,0.0078160502002693,0.000165457420493997
0.1-56-0.8,0.1,56,0.8,73,326,199,1,0.210759493670886,10.4069634703196,FALSE,0.1-56-0.8,0.00902313846655074,0.000165573613599391
0.05-40-0.55,0.05,40,0.55,74,232,138,1,0.178590933915893,25.5092558311736,FALSE,0.05-40-0.55,0.00751562610727294,8.84144412843368e-05
0.06-40-0.3,0.06,40,0.3,74,237,141,1,0.182154171066526,23.2223250647908,FALSE,0.06-40-0.3,0.00770802846018764,6.56836331869865e-05
0.14-40-0.7,0.14,40,0.7,74,273,160,1,0.176617954070981,16.0979266938171,FALSE,0.14-40-0.7,0.00722881703503713,0.000132353840377778
0.2-56-0.8,0.2,56,0.8,74,330,202,1,0.209457315138051,9.64476119955572,FALSE,0.2-56-0.8,0.00898877584673488,0.000183459857988052
0.08-56-0.8,0.08,56,0.8,74,331,202,1,0.210149439601494,13.238430211033,FALSE,0.08-56-0.8,0.00899403523640079,0.000114992268241877
0.05-40-0,0.05,40,0,75,233,138,1,0.175335120643432,26.46,FALSE,0.05-40-0,0.00745599719069077,0.000102899117062736
0.08-40-0.6,0.08,40,0.6,75,247,143,1,0.187314172447968,19.1996396396396,FALSE,0.08-40-0.6,0.00684753740586415,5.85201624764373e-05
0.09-60-0.8,0.09,60,0.8,75,333,204,1,0.206261510128913,11.3718918918919,FALSE,0.09-60-0.8,0.00908796777531604,0.000143390174402473
0.12-56-0.8,0.12,56,0.8,75,338,205,1,0.207839562443026,10.5212612612613,FALSE,0.12-56-0.8,0.00848016374400648,0.000170273187911957
0.1-40-0.2,0.1,40,0.2,76,246,149,1,0.186298669295219,21.0947368421053,FALSE,0.1-40-0.2,0.0080727448347193,7.75694248105739e-05
0.07-40-0,0.07,40,0,76,248,148,1,0.181188118811881,19.4189473684211,FALSE,0.07-40-0,0.00729960993026811,4.90130315413374e-05
0.05-44-0.7,0.05,44,0.7,76,257,152,1,0.184869739478958,20.1668421052632,FALSE,0.05-44-0.7,0.0071577218876354,0.000131979166020562
0.08-44-0.75,0.08,44,0.75,76,260,149,1,0.1978928080623,19.1149122807018,FALSE,0.08-44-0.75,0.00686282692139501,0.00015104483004005
0.07-44-0.75,0.07,44,0.75,76,264,151,1,0.198033707865169,14.6556140350877,FALSE,0.07-44-0.75,0.00657847119819731,2.04608573871708e-05
0.06-44-0.75,0.06,44,0.75,76,268,160,1,0.197588126159555,14.6229824561404,FALSE,0.06-44-0.75,0.00729314528394609,0.00018491104745559
0.1-60-0.8,0.1,60,0.8,76,335,206,1,0.204278397107563,11.3919298245614,FALSE,0.1-60-0.8,0.00894101556821808,1.91937380203004e-05
0.08-40-0.5,0.08,40,0.5,77,252,148,1,0.183526011560694,20.154989747095,FALSE,0.08-40-0.5,0.00697797919887761,0.000117424926316227
0.05-48-0.75,0.05,48,0.75,77,267,161,1,0.182857142857143,17.4212235133288,FALSE,0.05-48-0.75,0.00783999534356254,0.000164042805794613
0.12-40-0.65,0.12,40,0.65,77,269,166,1,0.173967459324155,19.1148325358852,FALSE,0.12-40-0.65,0.00788377895834462,0.00013985912626867
0.09-44-0.75,0.09,44,0.75,77,301,173,1,0.193186072631973,14.3737183868763,FALSE,0.09-44-0.75,0.00664527685649932,7.09337907092063e-05
0.12-60-0.8,0.12,60,0.8,77,345,209,1,0.205491585473871,10.5681818181818,FALSE,0.12-60-0.8,0.00870749675293777,6.17023830653001e-05
0.08-40-0.3,0.08,40,0.3,78,253,149,1,0.181083650190114,21.1143856143856,FALSE,0.08-40-0.3,0.0071658213990296,0.000148413253034992
0.16-40-0.65,0.16,40,0.65,78,280,164,1,0.170441001191895,17.4149184149184,FALSE,0.16-40-0.65,0.00686541047844381,9.09553177351613e-05
0.1-44-0.75,0.1,44,0.75,78,300,174,1,0.19304152637486,15.3488178488178,FALSE,0.1-44-0.75,0.0067043092395116,0.000122979966458068
0.16-44-0.75,0.16,44,0.75,78,308,183,1,0.188040345821326,12.5780885780886,FALSE,0.16-44-0.75,0.00689829290581487,7.16905590346873e-05
0.12-40-0,0.12,40,0,79,272,168,1,0.169650122050448,20.8377150275884,FALSE,0.12-40-0,0.00771936482875416,0.000111305217775205
0.06-48-0.75,0.06,48,0.75,79,276,165,1,0.189153439153439,14.6741317753976,FALSE,0.06-48-0.75,0.00713652275474123,0.000100783219792113
0.18-40-0.65,0.18,40,0.65,79,281,164,1,0.16877971473851,17.440441415125,FALSE,0.18-40-0.65,0.00697949559829413,0.000122550667009073
0.08-60-0.8,0.08,60,0.8,79,344,210,1,0.202296819787986,15.0876338851022,FALSE,0.08-60-0.8,0.00960600510702605,5.62168562815923e-05
0.08-44-0.7,0.08,44,0.7,80,272,156,1,0.187340696686491,21.0912974683544,FALSE,0.08-44-0.7,0.00662763620975359,6.94039165937283e-05
0.06-44-0.7,0.06,44,0.7,80,278,165,1,0.189647857445906,17.539082278481,FALSE,0.06-44-0.7,0.0072229215688476,0.000179034802759673
0.18-40-0,0.18,40,0,80,282,165,1,0.166797180892717,18.4096518987342,FALSE,0.18-40-0,0.00720857109928897,7.71365998342924e-05
0.14-44-0.75,0.14,44,0.75,80,313,186,1,0.188504105676544,13.4599683544304,FALSE,0.14-44-0.75,0.0073707996894813,0.000125179270933014
0.2-44-0.7,0.2,44,0.7,80,313,188,1,0.182814104758644,15.4599683544304,FALSE,0.2-44-0.7,0.00704288838929301,0.000154743432543045
0.05-44-0.6,0.05,44,0.6,81,264,159,1,0.174320524835989,24.041975308642,FALSE,0.05-44-0.6,0.00738107691231124,0.000205066162521497
0.07-44-0.7,0.07,44,0.7,81,276,162,1,0.187823834196891,18.5200617283951,FALSE,0.07-44-0.7,0.00694024912207923,0.00013625499783705
0.07-48-0.75,0.07,48,0.75,81,277,160,1,0.188461538461538,16.6524691358025,FALSE,0.07-48-0.75,0.00663425508608852,0.00017283168002845
0.1-44-0.7,0.1,44,0.7,81,309,181,1,0.186434659090909,16.350462962963,FALSE,0.1-44-0.7,0.00670006537125379,8.53977861659951e-05
0.18-44-0.7,0.18,44,0.7,81,316,190,1,0.183694530443756,15.4975308641975,FALSE,0.18-44-0.7,0.00718419914780125,0.000158901272590338
0.09-48-0.75,0.09,48,0.75,81,317,186,1,0.185794261721484,16.1865740740741,FALSE,0.09-48-0.75,0.00720372164589058,0.000103097461398531
0.18-60-0.8,0.18,60,0.8,81,362,220,1,0.205395996518712,10.733950617284,FALSE,0.18-60-0.8,0.00846442124727345,9.14664121664695e-05
0.2-60-0.8,0.2,60,0.8,81,366,224,1,0.203214695752009,9.77283950617284,FALSE,0.2-60-0.8,0.00850594157433885,0.000153957102050449
0.05-44-0.55,0.05,44,0.55,82,265,160,1,0.173103769194974,25.0117434507678,FALSE,0.05-44-0.55,0.00699501704653029,6.80547126708792e-05
0.2-48-0.75,0.2,48,0.75,82,336,207,1,0.183227848101266,14.5126467931346,FALSE,0.2-48-0.75,0.00725275945020675,8.55115003233319e-05
0.16-60-0.8,0.16,60,0.8,82,357,212,1,0.206990057246158,11.7285456187895,FALSE,0.16-60-0.8,0.00790333612541545,0.000201085873860533
0.05-44-0,0.05,44,0,83,266,160,1,0.17032967032967,25.9729650308551,FALSE,0.05-44-0,0.00704580188017052,4.85954823991389e-05
0.1-48-0.75,0.1,48,0.75,83,318,187,1,0.18397212543554,16.2449309432853,FALSE,0.1-48-0.75,0.00740288080133497,9.16441319111983e-05
0.16-44-0.7,0.16,44,0.7,83,323,194,1,0.179461615154536,14.5592124595945,FALSE,0.16-44-0.7,0.0070226683716638,7.42175393397957e-05
0.08-44-0.65,0.08,44,0.65,84,279,162,1,0.183196721311475,23.0738668961561,FALSE,0.08-44-0.65,0.00644304935775118,4.04042976907087e-05
0.06-44-0.65,0.06,44,0.65,84,284,170,1,0.185185185185185,20.486230636833,FALSE,0.06-44-0.65,0.00707168679172308,8.06150827384444e-05
0.06-48-0.7,0.06,48,0.7,84,290,173,1,0.179928028788485,17.6200516351119,FALSE,0.06-48-0.7,0.00697786128470014,5.1893116590794e-05
0.05-52-0.75,0.05,52,0.75,84,313,192,1,0.191096634093377,16.5856282271945,FALSE,0.05-52-0.75,0.0074490536368388,6.11856490888219e-05
0.14-44-0.7,0.14,44,0.7,84,326,196,1,0.180843938379102,16.2251864601262,FALSE,0.14-44-0.7,0.00726919221941447,0.000155185180343694
0.06-52-0.75,0.06,52,0.75,84,329,201,1,0.18921568627451,13.6653757888698,FALSE,0.06-52-0.75,0.00710778735413914,0.000107147283375195
0.14-48-0.75,0.14,48,0.75,84,335,203,1,0.181644359464627,12.5513482501434,FALSE,0.14-48-0.75,0.00746733609396885,9.55860724950615e-05
0.07-44-0.6,0.07,44,0.6,85,283,168,1,0.183520599250936,20.5060224089636,FALSE,0.07-44-0.6,0.00683017585898144,9.47511850086639e-05
0.06-44-0.55,0.06,44,0.55,85,286,172,1,0.183178325919935,20.4939775910364,FALSE,0.06-44-0.55,0.00694615470137619,5.45469544489289e-05
0.08-44-0.6,0.08,44,0.6,85,287,167,1,0.182293762575453,20.3109243697479,FALSE,0.08-44-0.6,0.0065178946398304,9.81254190278367e-05
0.18-48-0.7,0.18,48,0.7,85,337,205,1,0.17962962962963,15.5352941176471,FALSE,0.18-48-0.7,0.00746074889631763,0.000163474666284974
0.2-48-0.7,0.2,48,0.7,85,343,211,1,0.178343949044586,16.4724089635854,FALSE,0.2-48-0.7,0.00752876306524786,0.000114632803356675
0.07-44-0,0.07,44,0,86,284,169,1,0.181257706535142,21.4757865937073,FALSE,0.07-44-0,0.00684979809678627,4.41866904057884e-05
0.1-48-0.7,0.1,48,0.7,86,327,194,1,0.177991382167716,17.2366621067031,FALSE,0.1-48-0.7,0.00715511035256675,3.59758745535889e-05
0.16-48-0.7,0.16,48,0.7,86,341,208,1,0.17711503347535,14.5823529411765,FALSE,0.16-48-0.7,0.00751738970024448,0.000100953560771022
0.18-52-0.75,0.18,52,0.75,86,365,221,1,0.192539769610532,13.593023255814,FALSE,0.18-52-0.75,0.00770764833707754,0.000138978848923664
0.05-48-0.55,0.05,48,0.55,87,285,172,1,0.166939443535188,25.1607858861267,FALSE,0.05-48-0.55,0.00703000824327082,9.77616161170193e-05
0.06-44-0.3,0.06,44,0.3,87,289,175,1,0.180119284294235,22.4375835338145,FALSE,0.06-44-0.3,0.00723538805181635,6.66768525909259e-05
0.08-44-0.5,0.08,44,0.5,87,292,172,1,0.179034157832744,21.2658380112269,FALSE,0.08-44-0.5,0.00672105633862892,7.85849547036876e-05
0.09-48-0.7,0.09,48,0.7,87,332,196,1,0.177219321148825,19.1232290831329,FALSE,0.09-48-0.7,0.00675562531673263,0.000117522292451237
0.07-52-0.75,0.07,52,0.75,87,349,203,1,0.189975990396158,15.5956963378776,FALSE,0.07-52-0.75,0.00630426143799555,4.07798152506635e-05
0.1-52-0.75,0.1,52,0.75,87,363,220,1,0.190164866401364,15.2810745789896,FALSE,0.1-52-0.75,0.00784041287486077,0.000130836114183765
0.2-52-0.75,0.2,52,0.75,87,367,222,1,0.189986468200271,14.5541299117883,FALSE,0.2-52-0.75,0.00757574789752202,8.58573218453133e-05
0.05-48-0,0.05,48,0,88,286,172,1,0.164383561643836,26.1225182863114,FALSE,0.05-48-0,0.00682883270065847,9.3555510270531e-05
0.06-48-0.65,0.06,48,0.65,88,296,178,1,0.175854037267081,20.5662225705329,FALSE,0.06-48-0.65,0.0068588988596284,5.55444267058982e-05
0.12-44-0.65,0.12,44,0.65,88,326,193,1,0.170056685561854,17.2667189132706,FALSE,0.12-44-0.65,0.00698850061895851,4.97372044389525e-05
0.18-44-0.65,0.18,44,0.65,88,331,200,1,0.173704414587332,17.5231191222571,FALSE,0.18-44-0.65,0.00674829477208722,6.51952358339104e-05
0.14-48-0.7,0.14,48,0.7,88,348,213,1,0.174827275458096,15.3335945663532,FALSE,0.14-48-0.7,0.00749413638221152,0.000189101914417528
0.16-52-0.75,0.16,52,0.75,88,361,217,1,0.18940433708482,12.6584378265413,FALSE,0.16-52-0.75,0.00775444756685507,0.000159233019896105
0.09-52-0.75,0.09,52,0.75,88,369,223,1,0.188494833845295,16.2268808777429,FALSE,0.09-52-0.75,0.00787879933323812,0.000118032588603803
0.18-56-0.75,0.18,56,0.75,88,372,226,1,0.189490445859873,14.5675287356322,FALSE,0.18-56-0.75,0.00798840126195754,0.000102285374358078
0.12-52-0.75,0.12,52,0.75,88,372,227,1,0.189710610932476,14.3271943573668,FALSE,0.12-52-0.75,0.00756275581220748,7.55619518722217e-05
0.06-48-0.55,0.06,48,0.55,89,298,180,1,0.174045801526718,20.5726506639428,FALSE,0.06-48-0.55,0.00696295841037882,7.45698817392587e-05
0.05-52-0.7,0.05,52,0.7,89,327,198,1,0.183981233243968,19.5414964249234,FALSE,0.05-52-0.7,0.0067609808024356,4.02042719957006e-05
0.12-44-0.4,0.12,44,0.4,89,328,194,1,0.168150346191889,18.0967824310521,FALSE,0.12-44-0.4,0.00681063554563423,9.00706960626423e-05
0.09-44-0.45,0.09,44,0.45,89,334,198,1,0.176182707993475,18.3868743615935,FALSE,0.09-44-0.45,0.00679872064322617,0.00010697386424118
0.14-52-0.75,0.14,52,0.75,89,365,218,1,0.187550744248985,13.520684371808,FALSE,0.14-52-0.75,0.00755104495516069,0.000187803241412277
0.07-48-0.65,0.07,48,0.65,90,298,178,1,0.175519630484988,22.516354556804,FALSE,0.07-48-0.65,0.0068308120160055,0.000111297468877755
0.06-56-0.75,0.06,56,0.75,90,370,224,1,0.183244606332306,15.4661672908864,FALSE,0.06-56-0.75,0.00716463743960635,7.01672166452069e-05
0.1-52-0.7,0.1,52,0.7,90,373,228,1,0.183540877097997,16.2674157303371,FALSE,0.1-52-0.7,0.00764319969720773,0.00017607024679297
0.09-56-0.75,0.09,56,0.75,90,386,236,1,0.192327497425335,16.2287141073658,FALSE,0.09-56-0.75,0.00819617150296445,0.000117052911034196
0.07-48-0.6,0.07,48,0.6,91,300,180,1,0.17366628830874,22.5230769230769,FALSE,0.07-48-0.6,0.00707581852822418,0.000156414344440476
0.06-52-0.7,0.06,52,0.7,91,346,211,1,0.179856115107914,17.6112332112332,FALSE,0.06-52-0.7,0.00664098828963441,0.000113556781040814
0.16-48-0.65,0.16,48,0.65,91,351,215,1,0.171980111143609,16.5794871794872,FALSE,0.16-48-0.65,0.0072559503820123,0.000115767712668557
0.16-52-0.7,0.16,52,0.7,91,371,223,1,0.183259682869769,14.6039072039072,FALSE,0.16-52-0.7,0.00751993936930227,0.000136578706502384
0.2-52-0.7,0.2,52,0.7,91,375,227,1,0.185108044780005,17.4980463980464,FALSE,0.2-52-0.7,0.0079157181676656,0.00014105654878537
0.12-52-0.7,0.12,52,0.7,91,382,235,1,0.183235369281881,15.3119658119658,FALSE,0.12-52-0.7,0.00743238083676688,7.09987115713622e-05
0.1-56-0.75,0.1,56,0.75,91,385,235,1,0.18960244648318,15.3064713064713,FALSE,0.1-56-0.75,0.0083117681174528,8.39550865107262e-05
0.07-48-0,0.07,48,0,92,301,181,1,0.171652954375467,23.4946249402771,FALSE,0.07-48-0,0.00684635650875078,7.74362367166646e-05
0.12-48-0.65,0.12,48,0.65,92,350,215,1,0.168580060422961,17.3054228380315,FALSE,0.12-48-0.65,0.00721166001591913,6.88184358698441e-05
0.18-48-0.65,0.18,48,0.65,92,352,215,1,0.170464378425151,17.5561395126613,FALSE,0.18-48-0.65,0.0069703282896186,0.000122624422474394
0.16-48-0.25,0.16,48,0.25,92,352,216,1,0.170336037079954,17.5514811275681,FALSE,0.16-48-0.25,0.0073605861385637,7.43129303706778e-05
0.1-48-0.65,0.1,48,0.65,93,341,204,1,0.170808430324001,21.1085787751286,FALSE,0.1-48-0.65,0.00698217204182839,0.000102965169091289
0.18-48-0.3,0.18,48,0.3,93,353,216,1,0.168857142857143,18.528517999065,FALSE,0.18-48-0.3,0.00735208330290144,0.000203515345498857
0.14-48-0.65,0.14,48,0.65,93,358,220,1,0.169745958429561,17.3017765310893,FALSE,0.14-48-0.65,0.00727698402826082,5.78164585843388e-05
0.14-52-0.7,0.14,52,0.7,93,379,229,1,0.180750574419198,16.3024777933614,FALSE,0.14-52-0.7,0.0075389725135459,0.000197707084557699
0.18-52-0.7,0.18,52,0.7,93,381,230,1,0.18408215661104,17.5382187938289,FALSE,0.18-52-0.7,0.00779603413601421,9.33453377363203e-05
0.16-56-0.75,0.16,56,0.75,93,384,232,1,0.183720336820618,14.6367461430575,FALSE,0.16-56-0.75,0.00803342849185986,0.000165921059712419
0.09-52-0.7,0.09,52,0.7,93,384,234,1,0.180237154150198,18.2059373539037,FALSE,0.09-52-0.7,0.00749981464863785,7.28148207119856e-05
0.14-56-0.75,0.14,56,0.75,93,385,233,1,0.184697238408918,15.4582748948107,FALSE,0.14-56-0.75,0.00804459081722781,9.68917041648853e-05
0.08-56-0.75,0.08,56,0.75,93,393,239,1,0.187688442211055,18.1623422159888,FALSE,0.08-56-0.75,0.00749674246449305,8.97125319863819e-05
0.06-60-0.75,0.06,60,0.75,93,393,245,1,0.1850699844479,16.4118747078074,FALSE,0.06-60-0.75,0.00735043150487578,0.000201602121165912
0.05-52-0.6,0.05,52,0.6,94,335,206,1,0.175577348940209,22.484214138641,FALSE,0.05-52-0.6,0.00705075778843479,5.65250303644077e-05
0.18-48-0,0.18,48,0,94,354,217,1,0.168472063854048,19.5054907343857,FALSE,0.18-48-0,0.00701994577655525,0.000138849467759557
0.14-48-0,0.14,48,0,94,359,221,1,0.168144123534458,18.2564630519332,FALSE,0.14-48-0,0.00756111584257627,9.15517180132261e-05
0.2-56-0.75,0.2,56,0.75,94,388,236,1,0.182483594144372,15.662319835278,FALSE,0.2-56-0.75,0.00773782762881567,0.000108961622473715
0.1-56-0.7,0.1,56,0.7,94,395,243,1,0.183300876338851,16.2921528254404,FALSE,0.1-56-0.7,0.00807020111740014,0.000107773433087863
0.12-56-0.75,0.12,56,0.75,94,397,243,1,0.183718642400394,16.2929535575383,FALSE,0.12-56-0.75,0.00839191739808318,6.76989209590126e-05
0.05-52-0.55,0.05,52,0.55,95,336,207,1,0.174748110831234,23.4650615901456,FALSE,0.05-52-0.55,0.00668766371365085,8.27686425808793e-05
0.09-48-0.4,0.09,48,0.4,95,355,212,1,0.167927382753404,21.0101903695409,FALSE,0.09-48-0.4,0.00681526545953669,0.000143977215659643
0.1-60-0.75,0.1,60,0.75,95,395,242,1,0.184390243902439,17.2599104143337,FALSE,0.1-60-0.75,0.00816865572668535,8.36340218722961e-05
0.09-60-0.75,0.09,60,0.75,95,399,245,1,0.183747287195563,17.2518477043673,FALSE,0.09-60-0.75,0.00828906156638818,2.37327427753954e-05
0.05-52-0.2,0.05,52,0.2,96,337,208,1,0.174528301886792,24.4512061403509,FALSE,0.05-52-0.2,0.00679667108550558,0.00010514680988447
0.09-48-0.2,0.09,48,0.2,96,356,213,1,0.16636690647482,21.9584429824561,FALSE,0.09-48-0.2,0.00695835498566871,7.32941495065875e-05
0.16-52-0.65,0.16,52,0.65,96,382,231,1,0.178284854563691,16.5809210526316,FALSE,0.16-52-0.65,0.00738873631320566,0.000153536918587259
0.12-52-0.65,0.12,52,0.65,96,392,242,1,0.178298397040691,17.2787280701754,FALSE,0.12-52-0.65,0.00741345011247956,5.90172718430516e-05
0.09-56-0.7,0.09,56,0.7,96,402,248,1,0.183450618781849,19.1722587719298,FALSE,0.09-56-0.7,0.00781206514573684,0.000104375936139325
0.05-52-0,0.05,52,0,97,338,208,1,0.172360248447205,25.4236469072165,FALSE,0.05-52-0,0.00673181034543855,0.00010998093098782
0.16-52-0.25,0.16,52,0.25,97,383,232,1,0.176733780760626,17.5538015463918,FALSE,0.16-52-0.25,0.00728708057808142,0.00017461933315504
0.06-56-0.7,0.06,56,0.7,97,387,234,1,0.174644243208279,19.387779209622,FALSE,0.06-56-0.7,0.00672894982663423,4.39792312638162e-05
0.1-52-0.65,0.1,52,0.65,97,387,238,1,0.176972833117723,20.1403565292096,FALSE,0.1-52-0.65,0.0072943601780778,6.42156676627912e-05
0.09-52-0.65,0.09,52,0.65,97,393,240,1,0.176741803278689,19.2207903780069,FALSE,0.09-52-0.65,0.00731174705255961,5.28656922659712e-05
0.12-52-0.4,0.12,52,0.4,97,394,243,1,0.176772616136919,18.1229596219931,FALSE,0.12-52-0.4,0.00738016344900823,0.000100054658597421
0.14-56-0.7,0.14,56,0.7,97,399,244,1,0.17816091954023,18.2316365979381,FALSE,0.14-56-0.7,0.00784471920508542,0.000135868436177871
0.07-60-0.75,0.07,60,0.75,97,402,246,1,0.177710843373494,17.4335266323024,FALSE,0.07-60-0.75,0.00748073041835858,0.000175988531694355
0.08-56-0.7,0.08,56,0.7,97,405,246,1,0.181034482758621,19.1826675257732,FALSE,0.08-56-0.7,0.00720695945603865,9.57995767398149e-05
0.12-56-0.7,0.12,56,0.7,97,407,251,1,0.177798682972719,17.2793170103093,FALSE,0.12-56-0.7,0.00793760769191913,7.6976156760205e-05
0.05-56-0.65,0.05,56,0.65,98,353,215,1,0.173848439821694,20.6348621922996,FALSE,0.05-56-0.65,0.00649988403385384,0.000105282730122535
0.07-52-0.6,0.07,52,0.6,98,374,224,1,0.176184032476319,21.5140963601936,FALSE,0.07-52-0.6,0.00621228113128129,5.25256868803494e-05
0.14-52-0.65,0.14,52,0.65,98,390,237,1,0.175862068965517,18.2552072375342,FALSE,0.14-52-0.65,0.00761062842195208,2.32619470155218e-05
0.2-56-0.7,0.2,56,0.7,98,396,241,1,0.178015564202335,18.6048811277088,FALSE,0.2-56-0.7,0.00791469718141023,0.000133122791985603
0.09-52-0.6,0.09,52,0.6,98,401,245,1,0.175935288169869,18.2875026299179,FALSE,0.09-52-0.6,0.00746581177290752,0.000133314007602274
0.08-60-0.75,0.08,60,0.75,98,406,247,1,0.181578947368421,19.9944245739533,FALSE,0.08-60-0.75,0.00776702739661087,0.00010928639449151
0.14-60-0.75,0.14,60,0.75,98,408,244,1,0.181198589894242,15.514517147065,FALSE,0.14-60-0.75,0.00734178517860918,0.00020072405213846
0.18-60-0.75,0.18,60,0.75,98,414,252,1,0.18277010947168,14.7630969913739,FALSE,0.18-60-0.75,0.00758553412541154,0.000262090336938502
0.07-52-0.4,0.07,52,0.4,99,377,225,1,0.174250535331906,21.5330859616574,FALSE,0.07-52-0.4,0.00615991191087639,7.89018911984139e-05
0.07-56-0.7,0.07,56,0.7,99,389,233,1,0.174093264248705,20.3793032364461,FALSE,0.07-56-0.7,0.00687674560695288,7.80539201607886e-05
0.14-52-0.25,0.14,52,0.25,99,391,238,1,0.174358974358974,19.2121212121212,FALSE,0.14-52-0.25,0.00754860747082382,0.000175433483497127
0.07-52-0,0.07,52,0,100,378,226,1,0.172679045092838,22.5068686868687,FALSE,0.07-52-0,0.00617682157521911,6.69813416153342e-05
0.09-52-0.4,0.09,52,0.4,100,404,247,1,0.1730482347091,20.0742424242424,FALSE,0.09-52-0.4,0.00741546399113171,0.000165237766855755
0.09-56-0.65,0.09,56,0.65,100,411,254,1,0.180014174344437,20.1876767676768,FALSE,0.09-56-0.65,0.00760197592721543,8.49373837034332e-05
0.2-60-0.75,0.2,60,0.75,100,421,256,1,0.178554886521538,15.7292929292929,FALSE,0.2-60-0.75,0.00730841002504879,0.000133194713804021
0.05-56-0.6,0.05,56,0.6,101,357,219,1,0.168626326355033,22.5840594059406,FALSE,0.05-56-0.6,0.00661077629194477,0.00011281621426969
0.18-52-0.3,0.18,52,0.3,101,398,242,1,0.174017257909875,20.5129702970297,FALSE,0.18-52-0.3,0.00750279110750027,7.37087907843236e-05
0.1-56-0.65,0.1,56,0.65,101,409,253,1,0.177129521586931,20.1681188118812,FALSE,0.1-56-0.65,0.00784855591377834,4.16209016740213e-05
0.12-60-0.7,0.12,60,0.7,101,416,257,1,0.174823582972911,19.2442574257426,FALSE,0.12-60-0.7,0.0081305413482869,0.00014889685374714
0.09-56-0.6,0.09,56,0.6,101,419,259,1,0.179188054129725,19.2534653465347,FALSE,0.09-56-0.6,0.00787596056548728,6.79047633648789e-05
0.05-56-0.55,0.05,56,0.55,102,358,220,1,0.167904054825814,23.5650359153562,FALSE,0.05-56-0.55,0.00646099932786113,0.00015109314489707
0.14-56-0.65,0.14,56,0.65,102,410,252,1,0.173530772790375,20.1894777713065,FALSE,0.14-56-0.65,0.00802302331995586,0.000168776881504296
0.1-56-0.6,0.1,56,0.6,102,416,258,1,0.176878612716763,19.2395651329839,FALSE,0.1-56-0.6,0.0079394962827113,0.000109872728309764
0.1-60-0.7,0.1,60,0.7,102,418,259,1,0.178018933271762,21.9881576392933,FALSE,0.1-60-0.7,0.0079700794169813,9.14678289137768e-05
0.09-56-0.45,0.09,56,0.45,102,420,260,1,0.177818939569345,20.2120947388857,FALSE,0.09-56-0.45,0.00787763740716708,7.18408468804866e-05
0.05-56-0.2,0.05,56,0.2,103,359,221,1,0.167712492869367,24.5508280982296,FALSE,0.05-56-0.2,0.00649386493903897,0.000105997650641043
0.09-56-0.4,0.09,56,0.4,103,422,261,1,0.176389526871842,21.0374071958881,FALSE,0.09-56-0.4,0.00783423528250173,0.000136881668443138
0.14-60-0.7,0.14,60,0.7,103,423,256,1,0.174860956618465,19.2634684941938,FALSE,0.14-60-0.7,0.00738801332511988,4.3328295684859e-05
0.08-56-0.6,0.08,56,0.6,103,424,257,1,0.176349024110218,19.2787930706263,FALSE,0.08-56-0.6,0.00700772852824567,0.000100365926147807
0.05-56-0,0.05,56,0,104,360,221,1,0.165727170236753,25.5236183719193,FALSE,0.05-56-0,0.00635800673104803,0.000116779847332161
0.07-56-0.6,0.07,56,0.6,104,400,239,1,0.17022344966106,21.4103808812547,FALSE,0.07-56-0.6,0.0065683738430292,3.3808646386201e-05
0.05-60-0.7,0.05,60,0.7,104,403,242,1,0.175115207373272,23.2352501867065,FALSE,0.05-60-0.7,0.00617697115357775,6.21608457255165e-05
0.16-56-0,0.16,56,0,104,408,249,1,0.17128987517337,21.501213592233,FALSE,0.16-56-0,0.00770686113579937,0.000167481827121267
0.14-56-0,0.14,56,0,104,412,254,1,0.171781951442968,22.1126773711725,FALSE,0.14-56-0,0.00803850812584694,9.07053395201739e-05
0.09-56-0.2,0.09,56,0.2,104,423,262,1,0.175022789425706,21.9894510828977,FALSE,0.09-56-0.2,0.00780323042520871,0.0001282673193009
0.06-60-0.7,0.06,60,0.7,104,423,264,1,0.176093155893536,24.1180918595967,FALSE,0.06-60-0.7,0.00718924083302183,6.10920154977125e-05
0.2-60-0.7,0.2,60,0.7,104,429,261,1,0.174418604651163,18.6727035100822,FALSE,0.2-60-0.7,0.00767025640684733,3.36613793039654e-05
0.07-56-0.4,0.07,56,0.4,105,403,240,1,0.168489065606362,21.4299450549451,FALSE,0.07-56-0.4,0.00638499947666159,7.72640907327599e-05
0.09-60-0.7,0.09,60,0.7,105,428,266,1,0.175236806495264,23.9455128205128,FALSE,0.09-60-0.7,0.00823570220093851,0.000159301350745023
0.18-60-0.7,0.18,60,0.7,105,430,261,1,0.175363941769317,18.7027472527473,FALSE,0.18-60-0.7,0.0074943758768772,0.000163457356002715
0.07-56-0,0.07,56,0,106,404,241,1,0.167077378018728,22.3968553459119,FALSE,0.07-56-0,0.00645112828163403,7.36643823448935e-05
0.2-56-0.65,0.2,56,0.65,106,415,253,1,0.16920627700705,20.6182389937107,FALSE,0.2-56-0.65,0.00797710467315544,9.8861186577315e-05
0.12-60-0.65,0.12,60,0.65,106,427,265,1,0.170259568851738,21.203414195867,FALSE,0.12-60-0.65,0.00811012473742209,0.000145978838886564
0.08-56-0.4,0.08,56,0.4,106,431,263,1,0.172637707120466,21.0721473495058,FALSE,0.08-56-0.4,0.00705982088376699,0.000132765866225168
0.16-60-0.7,0.16,60,0.7,106,432,260,1,0.173476222371065,17.7448337825696,FALSE,0.16-60-0.7,0.00727448380513679,2.01598814675842e-05
0.2-56-0.3,0.2,56,0.3,107,416,254,1,0.167832167832168,21.5926644330806,FALSE,0.2-56-0.3,0.00813259398439176,0.00017835192092109
0.07-60-0.7,0.07,60,0.7,107,431,268,1,0.169824561403509,24.1662846058896,FALSE,0.07-60-0.7,0.00755859681991279,3.22449404096088e-05
0.2-56-0,0.2,56,0,108,417,255,1,0.167529835622608,22.5709588092766,FALSE,0.2-56-0,0.00782405774265624,0.000135161448557163
0.12-60-0.25,0.12,60,0.25,108,430,267,1,0.167532467532468,22.9794046382831,FALSE,0.12-60-0.25,0.00805846835594863,0.000108936870156831
0.14-60-0.65,0.14,60,0.65,108,436,266,1,0.1702859600086,21.2210972654898,FALSE,0.14-60-0.65,0.0073657325584302,0.000128433306457436
0.05-60-0.6,0.05,60,0.6,109,411,250,1,0.168046760837798,26.170998980632,FALSE,0.05-60-0.6,0.00635661928647837,0.000107093041887624
0.06-60-0.65,0.06,60,0.65,109,433,269,1,0.172262097707803,26.1227488956847,FALSE,0.06-60-0.65,0.0068646604061803,9.08746969167064e-05
0.1-60-0.65,0.1,60,0.65,109,433,270,1,0.172016825326544,25.8781005776419,FALSE,0.1-60-0.65,0.00769264579364948,9.54432910413227e-05
0.14-60-0.25,0.14,60,0.25,109,437,267,1,0.168941979522184,22.1822120285423,FALSE,0.14-60-0.25,0.00746376187801865,9.10439242100439e-05
0.09-60-0.65,0.09,60,0.65,109,438,273,1,0.171936758893281,24.9549779136935,FALSE,0.09-60-0.65,0.00789769753664486,6.98663134971484e-05
0.05-60-0.55,0.05,60,0.55,110,412,251,1,0.167394468704512,27.147539616347,FALSE,0.05-60-0.55,0.00631339313999711,6.19847897002108e-05
0.06-60-0.55,0.06,60,0.55,110,435,271,1,0.170742857142857,26.1316096747289,FALSE,0.06-60-0.55,0.00684165516714443,7.59651808750463e-05
0.1-60-0.6,0.1,60,0.6,110,440,275,1,0.171823568136932,24.9482902418682,FALSE,0.1-60-0.6,0.00763525992249262,7.34444732787761e-05
0.09-60-0.6,0.09,60,0.6,110,446,278,1,0.17126112437595,24.0190158465388,FALSE,0.09-60-0.6,0.00802815970026527,5.95205094942695e-05
0.05-60-0.2,0.05,60,0.2,111,413,252,1,0.167232186136694,28.1288288288288,FALSE,0.05-60-0.2,0.00636283914966611,9.55306339361512e-05
0.06-60-0.5,0.06,60,0.5,111,439,275,1,0.169464609800363,27.1040131040131,FALSE,0.06-60-0.5,0.00686018020733811,4.67752310881474e-05
0.07-60-0.65,0.07,60,0.65,111,440,272,1,0.167624741319844,25.1969696969697,FALSE,0.07-60-0.65,0.00714280715348135,0.000115932003618314
0.1-60-0.45,0.1,60,0.45,111,443,276,1,0.170705322371268,24.9619164619165,FALSE,0.1-60-0.45,0.0076598575212985,0.000170345600454756
0.16-60-0.65,0.16,60,0.65,111,445,270,1,0.169004964385927,19.7162162162162,FALSE,0.16-60-0.65,0.00714975203318254,0.00017796647823709
0.09-60-0.5,0.09,60,0.5,111,449,279,1,0.170089858793325,24.0321867321867,FALSE,0.09-60-0.5,0.0076966429314701,6.05693445015846e-05
0.05-60-0,0.05,60,0,112,414,252,1,0.165507315903094,29.0987773487774,FALSE,0.05-60-0,0.00639347755829258,8.02462544976617e-05
0.07-60-0.6,0.07,60,0.6,112,442,274,1,0.166174801362089,25.2050353925354,FALSE,0.07-60-0.6,0.00721633337578183,0.000117489058210112
0.1-60-0.4,0.1,60,0.4,112,445,277,1,0.169386002576213,25.7595720720721,FALSE,0.1-60-0.4,0.00756344677790867,0.000126667785578628
0.16-60-0.4,0.16,60,0.4,112,447,270,1,0.168387096774194,20.6856499356499,FALSE,0.16-60-0.4,0.00728853653960298,3.28445592809657e-05
0.18-60-0.65,0.18,60,0.65,112,448,274,1,0.167654530059272,20.6916827541828,FALSE,0.18-60-0.65,0.00748985316878217,5.7688690892958e-05
0.2-60-0.65,0.2,60,0.65,112,450,275,1,0.165968147527242,20.6802606177606,FALSE,0.2-60-0.65,0.00742297178952982,6.98329413657302e-05
0.09-60-0.45,0.09,60,0.45,112,450,280,1,0.168789808917197,24.9960585585586,FALSE,0.09-60-0.45,0.00811194561634665,0.000154009972897962
0.06-60-0.3,0.06,60,0.3,113,443,277,1,0.16644385026738,28.0962389380531,FALSE,0.06-60-0.3,0.00685351723375419,5.34529774980201e-05
0.08-60-0.6,0.08,60,0.6,113,451,275,1,0.169799092676604,25.8081542351454,FALSE,0.08-60-0.6,0.00731709577457712,0.000136761988540604
0.09-60-0.4,0.09,60,0.4,113,452,281,1,0.167509481668774,25.7951169405815,FALSE,0.09-60-0.4,0.0078760627438584,0.000145556815304358
0.07-60-0,0.07,60,0,114,446,276,1,0.163247100802855,26.195699425555,FALSE,0.07-60-0,0.00710084636456803,9.03051151027175e-05
0.09-60-0.3,0.09,60,0.3,114,453,282,1,0.16621367342672,26.7530662940537,FALSE,0.09-60-0.3,0.00782650837548031,9.59311917303282e-05
0.08-60-0.55,0.08,60,0.55,114,454,276,1,0.168690095846645,25.8228535941624,FALSE,0.08-60-0.55,0.00732716097876734,0.000112748699628892
0.2-60-0.4,0.2,60,0.4,114,456,276,1,0.165359207266722,21.6530818195932,FALSE,0.2-60-0.4,0.00751408156115683,0.000206007834786882
0.18-60-0,0.18,60,0,115,452,276,1,0.165448088573219,23.6160945842868,FALSE,0.18-60-0,0.00737853608102629,0.000147945837445853
0.09-60-0.2,0.09,60,0.2,115,454,283,1,0.165901502504174,27.7151029748284,FALSE,0.09-60-0.2,0.00775568731505475,0.000168096329670865
0.2-60-0.35,0.2,60,0.35,115,457,277,1,0.164105716041795,22.6289092295957,FALSE,0.2-60-0.35,0.00752505827053238,0.000231155264454444
0.2-60-0.1,0.2,60,0.1,116,458,278,1,0.163837185518511,23.6082458770615,FALSE,0.2-60-0.1,0.00741275523435727,7.70777249389999e-05
0.08-60-0.5,0.08,60,0.5,116,459,281,1,0.166527021365731,26.7884557721139,FALSE,0.08-60-0.5,0.00738940457347336,0.000115032702457084
0.08-60-0.4,0.08,60,0.4,117,461,282,1,0.16524631053835,27.5877541998232,FALSE,0.08-60-0.4,0.00738183530274232,0.000136112656481702
0.08-60-0.35,0.08,60,0.35,118,462,283,1,0.163951330171169,28.5404896421846,FALSE,0.08-60-0.35,0.00735318570822866,7.62173424616856e-05
0.08-60-0.3,0.08,60,0.3,119,463,284,1,0.163647591601482,29.4972938327874,FALSE,0.08-60-0.3,0.00738553742676124,0.000107222911094255
