,FeatureRatio,TopTFs,AbsCor,Nodes,Interactions,PosInt,Connected,Transitivity,MeanDistance
0.05-4-0.85,0.05,4,0.85,3,9,5,1,1,1
0.05-4-0.75,0.05,4,0.75,6,14,8,1,0.5,3.06666666666667
0.05-4-0,0.05,4,0,6,14,8,1,0.5,3.06666666666667
0.05-8-0.75,0.05,8,0.75,11,20,12,1,0.214285714285714,7.56363636363636
0.05-8-0.65,0.05,8,0.65,12,22,14,1,0.236842105263158,7.73484848484848
0.05-8-0,0.05,8,0,12,22,14,1,0.236842105263158,7.73484848484848
0.05-12-0.85,0.05,12,0.85,11,36,25,1,0.505263157894737,3.53636363636364
0.05-12-0.8,0.05,12,0.8,14,41,30,1,0.403361344537815,6.25824175824176
0.05-12-0.75,0.05,12,0.75,20,52,39,1,0.316666666666667,10.1236842105263
0.05-12-0.65,0.05,12,0.65,21,54,41,1,0.295566502463054,11.0642857142857
0.05-12-0.2,0.05,12,0.2,21,54,41,1,0.295566502463054,11.0642857142857
0.05-12-0,0.05,12,0,22,55,41,1,0.277777777777778,12.0194805194805
0.05-16-0.8,0.05,16,0.8,17,51,40,1,0.35,5.71323529411765
0.05-16-0.75,0.05,16,0.75,25,66,50,1,0.26530612244898,10.4633333333333
0.05-16-0.7,0.05,16,0.7,26,68,52,1,0.25077399380805,11.3984615384615
0.05-16-0.65,0.05,16,0.65,26,68,52,1,0.25077399380805,11.3984615384615
0.05-16-0.2,0.05,16,0.2,26,68,52,1,0.25077399380805,11.3984615384615
0.05-16-0,0.05,16,0,27,69,52,1,0.237536656891496,12.3447293447293
0.05-20-0.8,0.05,20,0.8,21,63,49,1,0.349397590361446,7.59761904761905
0.05-20-0.75,0.05,20,0.75,30,80,61,1,0.26984126984127,13.8425287356322
0.05-20-0.7,0.05,20,0.7,31,82,63,1,0.25609756097561,14.7774193548387
0.05-20-0.65,0.05,20,0.65,32,83,64,1,0.247641509433962,15.7258064516129
0.05-20-0.2,0.05,20,0.2,32,83,64,1,0.247641509433962,15.7258064516129
0.05-20-0,0.05,20,0,33,84,64,1,0.237020316027088,16.6732954545455
0.05-24-0.85,0.05,24,0.85,20,69,44,1,0.405144694533762,6.61578947368421
0.05-24-0.8,0.05,24,0.8,26,90,62,1,0.34304932735426,9.36923076923077
0.05-24-0.75,0.05,24,0.75,37,114,77,1,0.274809160305344,16.5608108108108
0.05-24-0.7,0.05,24,0.7,38,117,79,1,0.263829787234043,17.5135135135135
0.05-24-0.65,0.05,24,0.65,40,121,83,1,0.255405405405405,19.4032051282051
0.05-24-0.2,0.05,24,0.2,41,122,84,1,0.24934036939314,20.3701219512195
0.05-24-0,0.05,24,0,42,123,84,1,0.242618741976893,21.3373983739837
0.05-28-0.75,0.05,28,0.75,43,131,83,1,0.263157894736842,18.3410852713178
0.05-28-0.7,0.05,28,0.7,45,135,86,1,0.248275862068966,19.889898989899
0.05-28-0.65,0.05,28,0.65,47,139,90,1,0.240659340659341,20.9629972247919
0.05-28-0.2,0.05,28,0.2,49,141,92,1,0.230283911671924,22.8818027210884
0.05-28-0,0.05,28,0,50,142,92,1,0.224845995893224,23.8420408163265
0.05-32-0.8,0.05,32,0.8,35,119,76,1,0.287373004354136,13.9235294117647
0.05-32-0.75,0.05,32,0.75,49,148,89,1,0.24332977588047,21.2465986394558
0.05-32-0.7,0.05,32,0.7,51,152,92,1,0.230997038499506,22.7937254901961
0.05-32-0.65,0.05,32,0.65,53,156,96,1,0.224431818181818,23.8642960812772
0.05-32-0.6,0.05,32,0.6,55,158,98,1,0.21565059144677,25.7946127946128
0.05-32-0.2,0.05,32,0.2,56,159,99,1,0.212938005390836,26.7720779220779
0.05-32-0,0.05,32,0,57,160,99,1,0.20844327176781,27.7387218045113
0.05-36-0.85,0.05,36,0.85,32,113,60,1,0.283185840707965,11.304435483871
0.05-36-0.8,0.05,36,0.8,42,149,87,1,0.240506329113924,10.9488966318235
0.05-36-0.75,0.05,36,0.75,57,182,102,1,0.209134615384615,18.7844611528822
0.05-36-0.7,0.05,36,0.7,60,187,105,1,0.198513011152416,21.3768361581921
0.05-36-0.65,0.05,36,0.65,62,191,109,1,0.194104960460101,22.3754627181386
0.05-36-0.6,0.05,36,0.6,65,194,112,1,0.184300341296928,25.2197115384615
0.05-36-0.2,0.05,36,0.2,66,195,113,1,0.182432432432432,26.1780885780886
0.05-36-0,0.05,36,0,67,196,113,1,0.178807947019868,27.1284486657621
0.05-40-0.8,0.05,40,0.8,54,189,109,1,0.213949843260188,13.0632424877708
0.05-40-0.75,0.05,40,0.75,66,219,127,1,0.19786432160804,18.8172494172494
0.05-40-0.7,0.05,40,0.7,68,224,130,1,0.191943127962085,20.7109306409131
0.05-40-0.65,0.05,40,0.65,70,228,134,1,0.188364055299539,21.7026915113872
0.05-40-0.6,0.05,40,0.6,73,231,137,1,0.180066079295154,24.5494672754947
0.05-40-0.55,0.05,40,0.55,74,232,138,1,0.178590933915893,25.5092558311736
0.05-40-0.2,0.05,40,0.2,74,232,138,1,0.178590933915893,25.5092558311736
0.05-40-0,0.05,40,0,75,233,138,1,0.175335120643432,26.46
0.05-44-0.85,0.05,44,0.85,42,147,77,1,0.253333333333333,14.3269454123113
0.05-44-0.8,0.05,44,0.8,62,223,132,1,0.203976908274535,12.4206768905341
0.05-44-0.75,0.05,44,0.75,73,251,149,1,0.190577024880889,17.2880517503805
0.05-44-0.7,0.05,44,0.7,76,257,152,1,0.184869739478958,20.1668421052632
0.05-44-0.65,0.05,44,0.65,78,261,156,1,0.181729360039082,21.1618381618382
0.05-44-0.6,0.05,44,0.6,81,264,159,1,0.174320524835989,24.041975308642
0.05-44-0.55,0.05,44,0.55,82,265,160,1,0.173103769194974,25.0117434507678
0.05-44-0.2,0.05,44,0.2,82,265,160,1,0.173103769194974,25.0117434507678
0.05-44-0,0.05,44,0,83,266,160,1,0.17032967032967,25.9729650308551
0.05-48-0.85,0.05,48,0.85,44,156,84,1,0.249258160237389,14.3895348837209
0.05-48-0.8,0.05,48,0.8,66,238,143,1,0.195205479452055,14.3072261072261
0.05-48-0.75,0.05,48,0.75,77,267,161,1,0.182857142857143,17.4212235133288
0.05-48-0.7,0.05,48,0.7,81,277,164,1,0.177475898334794,20.3157407407407
0.05-48-0.65,0.05,48,0.65,83,281,168,1,0.174732334047109,21.3084043491037
0.05-48-0.6,0.05,48,0.6,86,284,171,1,0.167970358172087,24.1906976744186
0.05-48-0.55,0.05,48,0.55,87,285,172,1,0.166939443535188,25.1607858861267
0.05-48-0.2,0.05,48,0.2,87,285,172,1,0.166939443535188,25.1607858861267
0.05-48-0,0.05,48,0,88,286,172,1,0.164383561643836,26.1225182863114
0.05-52-0.85,0.05,52,0.85,48,191,104,1,0.265449438202247,9.18572695035461
0.05-52-0.8,0.05,52,0.8,68,272,164,1,0.211842105263158,11.4409569798068
0.05-52-0.75,0.05,52,0.75,84,313,192,1,0.191096634093377,16.5856282271945
0.05-52-0.7,0.05,52,0.7,89,327,198,1,0.183981233243968,19.5414964249234
0.05-52-0.65,0.05,52,0.65,91,331,202,1,0.181340341655716,20.5346764346764
0.05-52-0.6,0.05,52,0.6,94,335,206,1,0.175577348940209,22.484214138641
0.05-52-0.55,0.05,52,0.55,95,336,207,1,0.174748110831234,23.4650615901456
0.05-52-0.45,0.05,52,0.45,95,336,207,1,0.174748110831234,23.4650615901456
0.05-52-0.2,0.05,52,0.2,96,337,208,1,0.174528301886792,24.4512061403509
0.05-52-0,0.05,52,0,97,338,208,1,0.172360248447205,25.4236469072165
0.05-56-0.85,0.05,56,0.85,48,191,104,1,0.265449438202247,9.18572695035461
0.05-56-0.8,0.05,56,0.8,72,288,175,1,0.204843191742755,11.5005868544601
0.05-56-0.75,0.05,56,0.75,90,332,204,1,0.183874139626352,17.6317103620474
0.05-56-0.7,0.05,56,0.7,96,349,211,1,0.176203451407811,19.6427631578947
0.05-56-0.65,0.05,56,0.65,98,353,215,1,0.173848439821694,20.6348621922996
0.05-56-0.6,0.05,56,0.6,101,357,219,1,0.168626326355033,22.5840594059406
0.05-56-0.55,0.05,56,0.55,102,358,220,1,0.167904054825814,23.5650359153562
0.05-56-0.45,0.05,56,0.45,102,358,220,1,0.167904054825814,23.5650359153562
0.05-56-0.2,0.05,56,0.2,103,359,221,1,0.167712492869367,24.5508280982296
0.05-56-0,0.05,56,0,104,360,221,1,0.165727170236753,25.5236183719193
0.05-60-0.85,0.05,60,0.85,53,230,127,1,0.263271939328277,9.33526850507983
0.05-60-0.8,0.05,60,0.8,75,320,190,1,0.207849829351536,10.643963963964
0.05-60-0.75,0.05,60,0.75,94,370,222,1,0.183827644096251,17.6150766415008
0.05-60-0.7,0.05,60,0.7,104,403,242,1,0.175115207373272,23.2352501867065
0.05-60-0.65,0.05,60,0.65,106,407,246,1,0.172873678912934,24.2251572327044
0.05-60-0.6,0.05,60,0.6,109,411,250,1,0.168046760837798,26.170998980632
0.05-60-0.55,0.05,60,0.55,110,412,251,1,0.167394468704512,27.147539616347
0.05-60-0.45,0.05,60,0.45,110,412,251,1,0.167394468704512,27.147539616347
0.05-60-0.2,0.05,60,0.2,111,413,252,1,0.167232186136694,28.1288288288288
0.05-60-0,0.05,60,0,112,414,252,1,0.165507315903094,29.0987773487774
0.06-4-0.85,0.06,4,0.85,3,9,5,1,1,1
0.06-4-0.75,0.06,4,0.75,6,14,8,1,0.5,3.06666666666667
0.06-4-0,0.06,4,0,6,14,8,1,0.5,3.06666666666667
0.06-8-0.75,0.06,8,0.75,11,20,12,1,0.214285714285714,7.56363636363636
0.06-8-0.65,0.06,8,0.65,12,22,14,1,0.236842105263158,7.73484848484848
0.06-8-0,0.06,8,0,12,22,14,1,0.236842105263158,7.73484848484848
0.06-12-0.85,0.06,12,0.85,11,36,25,1,0.505263157894737,3.53636363636364
0.06-12-0.8,0.06,12,0.8,13,40,29,1,0.432432432432432,5.33974358974359
0.06-12-0.75,0.06,12,0.75,20,52,39,1,0.316666666666667,10.1236842105263
0.06-12-0.65,0.06,12,0.65,22,55,42,1,0.277777777777778,12.0194805194805
0.06-12-0,0.06,12,0,22,55,42,1,0.277777777777778,12.0194805194805
0.06-16-0.8,0.06,16,0.8,16,51,38,1,0.386503067484663,4.8
0.06-16-0.75,0.06,16,0.75,26,70,52,1,0.273615635179153,10.4861538461538
0.06-16-0.7,0.06,16,0.7,28,73,55,1,0.245762711864407,12.3703703703704
0.06-16-0.65,0.06,16,0.65,29,74,56,1,0.237704918032787,13.3288177339901
0.06-16-0,0.06,16,0,29,74,56,1,0.237704918032787,13.3288177339901
0.06-20-0.8,0.06,20,0.8,19,62,48,1,0.371681415929204,5.76315789473684
0.06-20-0.75,0.06,20,0.75,30,83,64,1,0.271317829457364,12.3747126436782
0.06-20-0.7,0.06,20,0.7,32,86,67,1,0.246575342465753,14.28125
0.06-20-0.65,0.06,20,0.65,34,88,69,1,0.237885462555066,16.7147950089127
0.06-20-0.6,0.06,20,0.6,34,88,69,1,0.237885462555066,16.7147950089127
0.06-20-0.5,0.06,20,0.5,35,89,70,1,0.230277185501066,17.6697478991597
0.06-20-0,0.06,20,0,35,89,70,1,0.230277185501066,17.6697478991597
0.06-24-0.8,0.06,24,0.8,23,82,57,1,0.372151898734177,7.65217391304348
0.06-24-0.75,0.06,24,0.75,35,111,75,1,0.285024154589372,14.0798319327731
0.06-24-0.7,0.06,24,0.7,37,115,78,1,0.265602322206096,16.0135135135135
0.06-24-0.65,0.06,24,0.65,40,120,83,1,0.255845942228336,19.4064102564103
0.06-24-0.6,0.06,24,0.6,40,120,83,1,0.255845942228336,19.4064102564103
0.06-24-0.5,0.06,24,0.5,41,121,84,1,0.249664429530201,20.3731707317073
0.06-24-0.45,0.06,24,0.45,41,121,84,1,0.249664429530201,20.3731707317073
0.06-24-0.4,0.06,24,0.4,42,122,85,1,0.248,21.3513356562137
0.06-24-0.25,0.06,24,0.25,43,123,86,1,0.241872561768531,22.3205980066445
0.06-24-0,0.06,24,0,43,123,86,1,0.241872561768531,22.3205980066445
0.06-28-0.85,0.06,28,0.85,23,81,44,1,0.359413202933985,6.77865612648221
0.06-28-0.8,0.06,28,0.8,31,114,70,1,0.309417040358744,9.63548387096774
0.06-28-0.75,0.06,28,0.75,46,148,86,1,0.256493506493506,18.2830917874396
0.06-28-0.7,0.06,28,0.7,48,152,89,1,0.242273180458624,20.2171985815603
0.06-28-0.65,0.06,28,0.65,50,156,93,1,0.235181644359465,21.2538775510204
0.06-28-0.6,0.06,28,0.6,50,156,93,1,0.235181644359465,21.2538775510204
0.06-28-0.55,0.06,28,0.55,51,157,94,1,0.230769230769231,22.2282352941176
0.06-28-0.5,0.06,28,0.5,51,157,94,1,0.230769230769231,22.2282352941176
0.06-28-0.45,0.06,28,0.45,51,157,94,1,0.230769230769231,22.2282352941176
0.06-28-0.4,0.06,28,0.4,52,158,95,1,0.2296918767507,23.2115384615385
0.06-28-0.25,0.06,28,0.25,53,159,96,1,0.225274725274725,24.1875907111756
0.06-28-0,0.06,28,0,53,159,96,1,0.225274725274725,24.1875907111756
0.06-32-0.85,0.06,32,0.85,28,89,45,1,0.329741379310345,10.526455026455
0.06-32-0.8,0.06,32,0.8,41,139,76,1,0.268551236749117,14.5493902439024
0.06-32-0.75,0.06,32,0.75,53,170,91,1,0.232173913043478,20.2975326560232
0.06-32-0.7,0.06,32,0.7,55,174,94,1,0.22069523039612,22.240404040404
0.06-32-0.65,0.06,32,0.65,57,178,98,1,0.215288611544462,23.2769423558897
0.06-32-0.6,0.06,32,0.6,57,178,98,1,0.215288611544462,23.2769423558897
0.06-32-0.55,0.06,32,0.55,58,179,99,1,0.211818879508826,24.2546884452511
0.06-32-0.5,0.06,32,0.5,58,179,99,1,0.211818879508826,24.2546884452511
0.06-32-0.45,0.06,32,0.45,58,179,99,1,0.211818879508826,24.2546884452511
0.06-32-0.4,0.06,32,0.4,59,180,100,1,0.210847975553858,25.239918176505
0.06-32-0.25,0.06,32,0.25,60,181,101,1,0.207362885048835,26.2189265536723
0.06-32-0,0.06,32,0,60,181,101,1,0.207362885048835,26.2189265536723
0.06-36-0.8,0.06,36,0.8,48,161,89,1,0.231219512195122,14.4862588652482
0.06-36-0.75,0.06,36,0.75,59,193,106,1,0.209145427286357,16.7700175336061
0.06-36-0.7,0.06,36,0.7,61,197,109,1,0.199440167949615,18.6371584699454
0.06-36-0.65,0.06,36,0.65,63,201,113,1,0.195121951219512,19.6310803891449
0.06-36-0.6,0.06,36,0.6,63,201,113,1,0.195121951219512,19.6310803891449
0.06-36-0.55,0.06,36,0.55,64,202,114,1,0.192256341789052,20.5758928571429
0.06-36-0.5,0.06,36,0.5,64,202,114,1,0.192256341789052,20.5758928571429
0.06-36-0.45,0.06,36,0.45,64,202,114,1,0.192256341789052,20.5758928571429
0.06-36-0.4,0.06,36,0.4,65,203,115,1,0.191489361702128,21.5286057692308
0.06-36-0.25,0.06,36,0.25,66,204,116,1,0.18860510805501,22.4764568764569
0.06-36-0.15,0.06,36,0.15,66,204,116,1,0.18860510805501,22.4764568764569
0.06-36-0,0.06,36,0,66,204,116,1,0.18860510805501,22.4764568764569
0.06-40-0.8,0.06,40,0.8,53,185,106,1,0.218097447795824,13.1923076923077
0.06-40-0.75,0.06,40,0.75,65,222,128,1,0.201573849878935,15.4536057692308
0.06-40-0.7,0.06,40,0.7,67,227,132,1,0.19365798414496,17.369289914066
0.06-40-0.65,0.06,40,0.65,71,233,137,1,0.188318777292576,20.3148893360161
0.06-40-0.6,0.06,40,0.6,71,233,137,1,0.188318777292576,20.3148893360161
0.06-40-0.55,0.06,40,0.55,72,234,138,1,0.18578352180937,21.2826682316119
0.06-40-0.5,0.06,40,0.5,72,234,138,1,0.18578352180937,21.2826682316119
0.06-40-0.45,0.06,40,0.45,72,234,138,1,0.18578352180937,21.2826682316119
0.06-40-0.4,0.06,40,0.4,73,236,140,1,0.184689507494647,22.2528538812785
0.06-40-0.3,0.06,40,0.3,74,237,141,1,0.182154171066526,23.2223250647908
0.06-40-0.25,0.06,40,0.25,74,237,141,1,0.182154171066526,23.2223250647908
0.06-40-0.15,0.06,40,0.15,74,237,141,1,0.182154171066526,23.2223250647908
0.06-40-0,0.06,40,0,74,237,141,1,0.182154171066526,23.2223250647908
0.06-44-0.8,0.06,44,0.8,58,221,130,1,0.221355728854229,8.64277071990321
0.06-44-0.75,0.06,44,0.75,76,268,160,1,0.197588126159555,14.6229824561404
0.06-44-0.7,0.06,44,0.7,80,278,165,1,0.189647857445906,17.539082278481
0.06-44-0.65,0.06,44,0.65,84,284,170,1,0.185185185185185,20.486230636833
0.06-44-0.6,0.06,44,0.6,84,284,170,1,0.185185185185185,20.486230636833
0.06-44-0.55,0.06,44,0.55,85,286,172,1,0.183178325919935,20.4939775910364
0.06-44-0.5,0.06,44,0.5,85,286,172,1,0.183178325919935,20.4939775910364
0.06-44-0.45,0.06,44,0.45,85,286,172,1,0.183178325919935,20.4939775910364
0.06-44-0.4,0.06,44,0.4,86,288,174,1,0.182293762575453,21.4667578659371
0.06-44-0.3,0.06,44,0.3,87,289,175,1,0.180119284294235,22.4375835338145
0.06-44-0.25,0.06,44,0.25,87,289,175,1,0.180119284294235,22.4375835338145
0.06-44-0.15,0.06,44,0.15,87,289,175,1,0.180119284294235,22.4375835338145
0.06-44-0,0.06,44,0,87,289,175,1,0.180119284294235,22.4375835338145
0.06-48-0.8,0.06,48,0.8,60,226,134,1,0.213916043703278,9.60480225988701
0.06-48-0.75,0.06,48,0.75,79,276,165,1,0.189153439153439,14.6741317753976
0.06-48-0.7,0.06,48,0.7,84,290,173,1,0.179928028788485,17.6200516351119
0.06-48-0.65,0.06,48,0.65,88,296,178,1,0.175854037267081,20.5662225705329
0.06-48-0.6,0.06,48,0.6,88,296,178,1,0.175854037267081,20.5662225705329
0.06-48-0.55,0.06,48,0.55,89,298,180,1,0.174045801526718,20.5726506639428
0.06-48-0.5,0.06,48,0.5,89,298,180,1,0.174045801526718,20.5726506639428
0.06-48-0.45,0.06,48,0.45,89,298,180,1,0.174045801526718,20.5726506639428
0.06-48-0.4,0.06,48,0.4,90,300,182,1,0.173252279635258,21.5459425717853
0.06-48-0.3,0.06,48,0.3,91,301,183,1,0.17129977460556,22.517094017094
0.06-48-0.25,0.06,48,0.25,91,301,183,1,0.17129977460556,22.517094017094
0.06-48-0.15,0.06,48,0.15,91,301,183,1,0.17129977460556,22.517094017094
0.06-48-0,0.06,48,0,91,301,183,1,0.17129977460556,22.517094017094
0.06-52-0.85,0.06,52,0.85,42,180,102,1,0.294072948328267,8.1068524970964
0.06-52-0.8,0.06,52,0.8,64,269,161,1,0.219543147208122,9.55059523809524
0.06-52-0.75,0.06,52,0.75,84,329,201,1,0.18921568627451,13.6653757888698
0.06-52-0.7,0.06,52,0.7,91,346,211,1,0.179856115107914,17.6112332112332
0.06-52-0.65,0.06,52,0.65,95,352,216,1,0.176367358876865,20.5565509518477
0.06-52-0.6,0.06,52,0.6,95,352,216,1,0.176367358876865,20.5565509518477
0.06-52-0.55,0.06,52,0.55,96,354,218,1,0.174740484429066,20.5621710526316
0.06-52-0.5,0.06,52,0.5,96,354,218,1,0.174740484429066,20.5621710526316
0.06-52-0.45,0.06,52,0.45,97,357,221,1,0.173688736027515,21.536941580756
0.06-52-0.4,0.06,52,0.4,97,357,221,1,0.173688736027515,21.536941580756
0.06-52-0.3,0.06,52,0.3,98,358,222,1,0.17206132879046,22.5104144750684
0.06-52-0.25,0.06,52,0.25,98,358,222,1,0.17206132879046,22.5104144750684
0.06-52-0.15,0.06,52,0.15,98,358,222,1,0.17206132879046,22.5104144750684
0.06-52-0,0.06,52,0,98,358,222,1,0.17206132879046,22.5104144750684
0.06-56-0.85,0.06,56,0.85,45,200,110,1,0.284499672988882,9.08737373737374
0.06-56-0.8,0.06,56,0.8,69,303,179,1,0.211915804495184,10.5311167945439
0.06-56-0.75,0.06,56,0.75,90,370,224,1,0.183244606332306,15.4661672908864
0.06-56-0.7,0.06,56,0.7,97,387,234,1,0.174644243208279,19.387779209622
0.06-56-0.65,0.06,56,0.65,102,397,239,1,0.170823885109599,21.3796350223258
0.06-56-0.6,0.06,56,0.6,102,397,239,1,0.170823885109599,21.3796350223258
0.06-56-0.55,0.06,56,0.55,103,399,241,1,0.16936085550858,21.3864458404721
0.06-56-0.5,0.06,56,0.5,103,399,241,1,0.16936085550858,21.3864458404721
0.06-56-0.45,0.06,56,0.45,104,402,244,1,0.16848095002474,22.3554891710232
0.06-56-0.4,0.06,56,0.4,105,405,245,1,0.166748285994123,22.3750915750916
0.06-56-0.3,0.06,56,0.3,106,406,246,1,0.165371539582322,23.3426774483378
0.06-56-0.25,0.06,56,0.25,106,406,246,1,0.165371539582322,23.3426774483378
0.06-56-0.15,0.06,56,0.15,106,406,246,1,0.165371539582322,23.3426774483378
0.06-56-0,0.06,56,0,106,406,246,1,0.165371539582322,23.3426774483378
0.06-60-0.85,0.06,60,0.85,52,227,133,1,0.268147345612134,10.1749622926094
0.06-60-0.8,0.06,60,0.8,73,325,197,1,0.209892613081679,11.4963850837139
0.06-60-0.75,0.06,60,0.75,93,393,245,1,0.1850699844479,16.4118747078074
0.06-60-0.7,0.06,60,0.7,104,423,264,1,0.176093155893536,24.1180918595967
0.06-60-0.65,0.06,60,0.65,109,433,269,1,0.172262097707803,26.1227488956847
0.06-60-0.6,0.06,60,0.6,109,433,269,1,0.172262097707803,26.1227488956847
0.06-60-0.55,0.06,60,0.55,110,435,271,1,0.170742857142857,26.1316096747289
0.06-60-0.5,0.06,60,0.5,111,439,275,1,0.169464609800363,27.1040131040131
0.06-60-0.45,0.06,60,0.45,111,439,275,1,0.169464609800363,27.1040131040131
0.06-60-0.4,0.06,60,0.4,112,442,276,1,0.167827454504606,27.1242760617761
0.06-60-0.3,0.06,60,0.3,113,443,277,1,0.16644385026738,28.0962389380531
0.06-60-0.25,0.06,60,0.25,113,443,277,1,0.16644385026738,28.0962389380531
0.06-60-0.15,0.06,60,0.15,113,443,277,1,0.16644385026738,28.0962389380531
0.06-60-0,0.06,60,0,113,443,277,1,0.16644385026738,28.0962389380531
0.07-4-0.85,0.07,4,0.85,3,9,5,1,1,1
0.07-4-0.75,0.07,4,0.75,6,14,8,1,0.5,3.06666666666667
0.07-4-0,0.07,4,0,6,14,8,1,0.5,3.06666666666667
0.07-8-0.75,0.07,8,0.75,11,20,12,1,0.214285714285714,7.56363636363636
0.07-8-0.65,0.07,8,0.65,12,22,14,1,0.236842105263158,7.73484848484848
0.07-8-0,0.07,8,0,12,22,14,1,0.236842105263158,7.73484848484848
0.07-12-0.85,0.07,12,0.85,12,39,26,1,0.485714285714286,3.62878787878788
0.07-12-0.8,0.07,12,0.8,14,43,30,1,0.421487603305785,5.43406593406593
0.07-12-0.75,0.07,12,0.75,21,55,40,1,0.315789473684211,10.2071428571429
0.07-12-0.65,0.07,12,0.65,22,57,42,1,0.295774647887324,11.1471861471861
0.07-12-0,0.07,12,0,22,57,42,1,0.295774647887324,11.1471861471861
0.07-16-0.8,0.07,16,0.8,16,51,38,1,0.386503067484663,4.8
0.07-16-0.75,0.07,16,0.75,26,70,52,1,0.273615635179153,10.4861538461538
0.07-16-0.7,0.07,16,0.7,28,73,55,1,0.25,12.3783068783069
0.07-16-0.65,0.07,16,0.65,28,73,55,1,0.25,12.3783068783069
0.07-16-0,0.07,16,0,28,73,55,1,0.25,12.3783068783069
0.07-20-0.8,0.07,20,0.8,19,61,47,1,0.359447004608295,5.76900584795322
0.07-20-0.75,0.07,20,0.75,30,82,63,1,0.263297872340426,12.3781609195402
0.07-20-0.7,0.07,20,0.7,32,85,66,1,0.241706161137441,14.289314516129
0.07-20-0.65,0.07,20,0.65,32,85,66,1,0.241706161137441,14.289314516129
0.07-20-0,0.07,20,0,33,86,67,1,0.233409610983982,15.2537878787879
0.07-24-0.85,0.07,24,0.85,21,67,40,1,0.359154929577465,6.70714285714286
0.07-24-0.8,0.07,24,0.8,29,100,67,1,0.320987654320988,10.2278325123153
0.07-24-0.75,0.07,24,0.75,36,114,74,1,0.270998415213946,14.1190476190476
0.07-24-0.7,0.07,24,0.7,38,118,77,1,0.253581661891117,16.0533428165007
0.07-24-0.65,0.07,24,0.65,39,121,80,1,0.251748251748252,16.9892037786775
0.07-24-0.6,0.07,24,0.6,40,122,81,1,0.245231607629428,17.9647435897436
0.07-24-0.4,0.07,24,0.4,40,122,81,1,0.245231607629428,17.9647435897436
0.07-24-0,0.07,24,0,41,123,82,1,0.238726790450928,18.9414634146341
0.07-28-0.85,0.07,28,0.85,25,85,46,1,0.336448598130841,7.78
0.07-28-0.8,0.07,28,0.8,32,116,71,1,0.305084745762712,10.3800403225806
0.07-28-0.75,0.07,28,0.75,45,143,82,1,0.256849315068493,17.4707070707071
0.07-28-0.7,0.07,28,0.7,48,149,87,1,0.240875912408759,20.2553191489362
0.07-28-0.65,0.07,28,0.65,49,152,90,1,0.238289205702648,20.3180272108844
0.07-28-0.6,0.07,28,0.6,50,153,91,1,0.233532934131737,21.2902040816327
0.07-28-0.4,0.07,28,0.4,50,153,91,1,0.233532934131737,21.2902040816327
0.07-28-0,0.07,28,0,51,154,92,1,0.228739002932551,22.2635294117647
0.07-32-0.85,0.07,32,0.85,29,96,48,1,0.312138728323699,10.5603448275862
0.07-32-0.8,0.07,32,0.8,41,139,76,1,0.27070457354759,15.2987804878049
0.07-32-0.75,0.07,32,0.75,52,165,87,1,0.23224043715847,19.4898190045249
0.07-32-0.7,0.07,32,0.7,55,171,92,1,0.219882055602359,22.303367003367
0.07-32-0.65,0.07,32,0.65,56,174,95,1,0.218001651527663,22.362012987013
0.07-32-0.6,0.07,32,0.6,57,175,96,1,0.214285714285714,23.3377192982456
0.07-32-0.4,0.07,32,0.4,57,175,96,1,0.214285714285714,23.3377192982456
0.07-32-0,0.07,32,0,58,176,97,1,0.210526315789474,24.3142770719903
0.07-36-0.85,0.07,36,0.85,32,108,55,1,0.283018867924528,11.5625
0.07-36-0.8,0.07,36,0.8,50,172,97,1,0.223433242506812,12.9028571428571
0.07-36-0.75,0.07,36,0.75,60,197,108,1,0.201716738197425,15.8988700564972
0.07-36-0.7,0.07,36,0.7,63,203,113,1,0.192256341789052,18.7140296979007
0.07-36-0.65,0.07,36,0.65,64,206,116,1,0.191070256073539,18.7628968253968
0.07-36-0.6,0.07,36,0.6,65,207,117,1,0.188106011635423,19.7064903846154
0.07-36-0.5,0.07,36,0.5,65,207,117,1,0.188106011635423,19.7064903846154
0.07-36-0.4,0.07,36,0.4,65,207,117,1,0.188106011635423,19.7064903846154
0.07-36-0,0.07,36,0,66,208,118,1,0.185114503816794,20.6517482517483
0.07-40-0.85,0.07,40,0.85,35,121,64,1,0.271621621621622,11.6647058823529
0.07-40-0.8,0.07,40,0.8,55,199,116,1,0.21627408993576,9.58518518518519
0.07-40-0.75,0.07,40,0.75,67,229,131,1,0.19908466819222,13.592039800995
0.07-40-0.7,0.07,40,0.7,71,240,141,1,0.188284518828452,16.4649899396378
0.07-40-0.65,0.07,40,0.65,74,245,145,1,0.185963114754098,18.4426138467234
0.07-40-0.6,0.07,40,0.6,75,247,147,1,0.183734939759036,18.4520720720721
0.07-40-0.5,0.07,40,0.5,75,247,147,1,0.183734939759036,18.4520720720721
0.07-40-0.4,0.07,40,0.4,75,247,147,1,0.183734939759036,18.4520720720721
0.07-40-0,0.07,40,0,76,248,148,1,0.181188118811881,19.4189473684211
0.07-44-0.85,0.07,44,0.85,39,145,78,1,0.268370607028754,10.8211875843455
0.07-44-0.8,0.07,44,0.8,60,226,133,1,0.218280216476248,8.695197740113
0.07-44-0.75,0.07,44,0.75,76,264,151,1,0.198033707865169,14.6556140350877
0.07-44-0.7,0.07,44,0.7,81,276,162,1,0.187823834196891,18.5200617283951
0.07-44-0.65,0.07,44,0.65,84,281,166,1,0.185593220338983,20.4985656913368
0.07-44-0.6,0.07,44,0.6,85,283,168,1,0.183520599250936,20.5060224089636
0.07-44-0.5,0.07,44,0.5,85,283,168,1,0.183520599250936,20.5060224089636
0.07-44-0.4,0.07,44,0.4,85,283,168,1,0.183520599250936,20.5060224089636
0.07-44-0,0.07,44,0,86,284,169,1,0.181257706535142,21.4757865937073
0.07-48-0.85,0.07,48,0.85,39,145,78,1,0.268370607028754,10.8211875843455
0.07-48-0.8,0.07,48,0.8,65,238,141,1,0.20650406504065,11.5915865384615
0.07-48-0.75,0.07,48,0.75,81,277,160,1,0.188461538461538,16.6524691358025
0.07-48-0.7,0.07,48,0.7,87,293,174,1,0.17743830787309,20.5367548783748
0.07-48-0.65,0.07,48,0.65,90,298,178,1,0.175519630484988,22.516354556804
0.07-48-0.6,0.07,48,0.6,91,300,180,1,0.17366628830874,22.5230769230769
0.07-48-0.5,0.07,48,0.5,91,300,180,1,0.17366628830874,22.5230769230769
0.07-48-0.4,0.07,48,0.4,91,300,180,1,0.17366628830874,22.5230769230769
0.07-48-0,0.07,48,0,92,301,181,1,0.171652954375467,23.4946249402771
0.07-52-0.85,0.07,52,0.85,45,198,110,1,0.275771503611293,10.8424242424242
0.07-52-0.8,0.07,52,0.8,71,302,178,1,0.210954848260548,11.541046277666
0.07-52-0.75,0.07,52,0.75,87,349,203,1,0.189975990396158,15.5956963378776
0.07-52-0.7,0.07,52,0.7,94,367,218,1,0.17966573816156,19.5331731869137
0.07-52-0.65,0.07,52,0.65,97,372,222,1,0.177875377436179,21.5084836769759
0.07-52-0.6,0.07,52,0.6,98,374,224,1,0.176184032476319,21.5140963601936
0.07-52-0.5,0.07,52,0.5,98,374,224,1,0.176184032476319,21.5140963601936
0.07-52-0.45,0.07,52,0.45,98,374,224,1,0.176184032476319,21.5140963601936
0.07-52-0.4,0.07,52,0.4,99,377,225,1,0.174250535331906,21.5330859616574
0.07-52-0,0.07,52,0,100,378,226,1,0.172679045092838,22.5068686868687
0.07-56-0.85,0.07,56,0.85,46,200,111,1,0.27132777421424,11.8019323671498
0.07-56-0.8,0.07,56,0.8,72,305,180,1,0.209226298583364,12.5027386541471
0.07-56-0.75,0.07,56,0.75,92,371,218,1,0.183588317107093,16.4700191113235
0.07-56-0.7,0.07,56,0.7,99,389,233,1,0.174093264248705,20.3793032364461
0.07-56-0.65,0.07,56,0.65,103,398,237,1,0.171712032561689,21.4039596421093
0.07-56-0.6,0.07,56,0.6,104,400,239,1,0.17022344966106,21.4103808812547
0.07-56-0.5,0.07,56,0.5,104,400,239,1,0.17022344966106,21.4103808812547
0.07-56-0.45,0.07,56,0.45,104,400,239,1,0.17022344966106,21.4103808812547
0.07-56-0.4,0.07,56,0.4,105,403,240,1,0.168489065606362,21.4299450549451
0.07-56-0,0.07,56,0,106,404,241,1,0.167077378018728,22.3968553459119
0.07-60-0.85,0.07,60,0.85,53,229,135,1,0.253205128205128,11.9967343976778
0.07-60-0.8,0.07,60,0.8,77,333,205,1,0.2,12.5258031442242
0.07-60-0.75,0.07,60,0.75,97,402,246,1,0.177710843373494,17.4335266323024
0.07-60-0.7,0.07,60,0.7,107,431,268,1,0.169824561403509,24.1662846058896
0.07-60-0.65,0.07,60,0.65,111,440,272,1,0.167624741319844,25.1969696969697
0.07-60-0.6,0.07,60,0.6,112,442,274,1,0.166174801362089,25.2050353925354
0.07-60-0.5,0.07,60,0.5,112,442,274,1,0.166174801362089,25.2050353925354
0.07-60-0.45,0.07,60,0.45,112,442,274,1,0.166174801362089,25.2050353925354
0.07-60-0.4,0.07,60,0.4,113,445,275,1,0.164605351922644,25.2245575221239
0.07-60-0,0.07,60,0,114,446,276,1,0.163247100802855,26.195699425555
0.08-4-0.85,0.08,4,0.85,3,9,5,1,1,1
0.08-4-0.75,0.08,4,0.75,6,14,8,1,0.5,3.06666666666667
0.08-4-0,0.08,4,0,6,14,8,1,0.5,3.06666666666667
0.08-8-0.75,0.08,8,0.75,11,20,12,1,0.214285714285714,7.56363636363636
0.08-8-0.65,0.08,8,0.65,12,22,14,1,0.236842105263158,7.73484848484848
0.08-8-0,0.08,8,0,12,22,14,1,0.236842105263158,7.73484848484848
0.08-12-0.85,0.08,12,0.85,12,39,26,1,0.485714285714286,3.62878787878788
0.08-12-0.8,0.08,12,0.8,14,43,30,1,0.421487603305785,5.43406593406593
0.08-12-0.75,0.08,12,0.75,22,57,42,1,0.307317073170732,11.1103896103896
0.08-12-0.65,0.08,12,0.65,23,59,44,1,0.2882096069869,12.0573122529644
0.08-12-0,0.08,12,0,23,59,44,1,0.2882096069869,12.0573122529644
0.08-16-0.85,0.08,16,0.85,13,41,28,1,0.461538461538462,3.74358974358974
0.08-16-0.8,0.08,16,0.8,17,53,40,1,0.368715083798883,4.88235294117647
0.08-16-0.75,0.08,16,0.75,26,70,52,1,0.273615635179153,10.4861538461538
0.08-16-0.7,0.08,16,0.7,27,72,54,1,0.258928571428571,11.4230769230769
0.08-16-0.65,0.08,16,0.65,27,72,54,1,0.258928571428571,11.4230769230769
0.08-16-0.55,0.08,16,0.55,27,72,54,1,0.258928571428571,11.4230769230769
0.08-16-0,0.08,16,0,28,73,55,1,0.25,12.3783068783069
0.08-20-0.8,0.08,20,0.8,20,63,49,1,0.346153846153846,5.83947368421053
0.08-20-0.75,0.08,20,0.75,29,80,61,1,0.265415549597855,11.506157635468
0.08-20-0.7,0.08,20,0.7,30,82,63,1,0.251851851851852,12.4494252873563
0.08-20-0.65,0.08,20,0.65,31,83,64,1,0.243436754176611,13.4075268817204
0.08-20-0.55,0.08,20,0.55,32,85,66,1,0.241706161137441,14.289314516129
0.08-20-0.4,0.08,20,0.4,33,86,67,1,0.233409610983982,15.2537878787879
0.08-20-0,0.08,20,0,34,87,68,1,0.225165562913907,16.2201426024955
0.08-24-0.85,0.08,24,0.85,25,89,55,1,0.344827586206897,6.87
0.08-24-0.8,0.08,24,0.8,29,103,66,1,0.316981132075472,8.69827586206897
0.08-24-0.75,0.08,24,0.75,37,117,72,1,0.266375545851528,13.5630630630631
0.08-24-0.7,0.08,24,0.7,38,120,74,1,0.256445047489824,14.5135135135135
0.08-24-0.65,0.08,24,0.65,40,124,78,1,0.248062015503876,15.5551282051282
0.08-24-0.55,0.08,24,0.55,41,129,81,1,0.24746192893401,16.2634146341463
0.08-24-0.45,0.08,24,0.45,42,130,82,1,0.241635687732342,17.2340301974448
0.08-24-0.4,0.08,24,0.4,43,132,84,1,0.238678090575275,18.0813953488372
0.08-24-0.3,0.08,24,0.3,44,133,85,1,0.232974910394265,19.0570824524313
0.08-24-0.2,0.08,24,0.2,44,133,85,1,0.232974910394265,19.0570824524313
0.08-24-0,0.08,24,0,44,133,85,1,0.232974910394265,19.0570824524313
0.08-28-0.85,0.08,28,0.85,32,110,60,1,0.307570977917981,11.5252016129032
0.08-28-0.8,0.08,28,0.8,40,134,74,1,0.27307206068268,14.5935897435897
0.08-28-0.75,0.08,28,0.75,49,155,83,1,0.242453748782863,17.7636054421769
0.08-28-0.7,0.08,28,0.7,50,158,85,1,0.235023041474654,18.7208163265306
0.08-28-0.65,0.08,28,0.65,52,162,89,1,0.228723404255319,19.7432126696833
0.08-28-0.55,0.08,28,0.55,53,168,92,1,0.2265625,20.47206095791
0.08-28-0.5,0.08,28,0.5,54,169,93,1,0.222506393861893,21.4447938504542
0.08-28-0.45,0.08,28,0.45,54,169,93,1,0.222506393861893,21.4447938504542
0.08-28-0.4,0.08,28,0.4,55,171,95,1,0.220625528317836,22.320202020202
0.08-28-0.3,0.08,28,0.3,56,172,96,1,0.216597510373444,23.2964285714286
0.08-28-0.2,0.08,28,0.2,56,172,96,1,0.216597510373444,23.2964285714286
0.08-28-0,0.08,28,0,56,172,96,1,0.216597510373444,23.2964285714286
0.08-32-0.85,0.08,32,0.85,33,113,62,1,0.301801801801802,11.5653409090909
0.08-32-0.8,0.08,32,0.8,46,149,82,1,0.245901639344262,15.512077294686
0.08-32-0.75,0.08,32,0.75,55,171,92,1,0.224034334763948,18.6373737373737
0.08-32-0.7,0.08,32,0.7,56,174,94,1,0.217781402936378,19.5831168831169
0.08-32-0.65,0.08,32,0.65,58,178,98,1,0.212264150943396,20.5919540229885
0.08-32-0.55,0.08,32,0.55,59,184,101,1,0.210485736314572,21.33284628872
0.08-32-0.5,0.08,32,0.5,60,185,102,1,0.206974981046247,22.2937853107345
0.08-32-0.45,0.08,32,0.45,60,185,102,1,0.206974981046247,22.2937853107345
0.08-32-0.4,0.08,32,0.4,61,187,104,1,0.205417607223476,23.1677595628415
0.08-32-0.3,0.08,32,0.3,62,188,105,1,0.201923076923077,24.132469592808
0.08-32-0.2,0.08,32,0.2,62,188,105,1,0.201923076923077,24.132469592808
0.08-32-0,0.08,32,0,62,188,105,1,0.201923076923077,24.132469592808
0.08-36-0.85,0.08,36,0.85,38,136,76,1,0.267981438515081,10.0334281650071
0.08-36-0.8,0.08,36,0.8,52,180,102,1,0.21669341894061,11.2428355957768
0.08-36-0.75,0.08,36,0.75,61,202,112,1,0.201315789473684,15.1311475409836
0.08-36-0.7,0.08,36,0.7,63,207,115,1,0.193548387096774,17.026113671275
0.08-36-0.65,0.08,36,0.65,66,213,120,1,0.189398451459202,18.0445221445221
0.08-36-0.55,0.08,36,0.55,67,221,125,1,0.18848167539267,16.2132519222071
0.08-36-0.5,0.08,36,0.5,68,222,126,1,0.18567335243553,17.1663740122915
0.08-36-0.45,0.08,36,0.45,68,222,126,1,0.18567335243553,17.1663740122915
0.08-36-0.4,0.08,36,0.4,69,225,129,1,0.184641445511011,17.1847826086957
0.08-36-0.3,0.08,36,0.3,70,226,130,1,0.181868743047831,18.1395445134576
0.08-36-0.2,0.08,36,0.2,70,226,130,1,0.181868743047831,18.1395445134576
0.08-36-0.1,0.08,36,0.1,70,226,130,1,0.181868743047831,18.1395445134576
0.08-36-0,0.08,36,0,70,226,130,1,0.181868743047831,18.1395445134576
0.08-40-0.85,0.08,40,0.85,39,141,80,1,0.269189189189189,10.0452091767881
0.08-40-0.8,0.08,40,0.8,55,196,113,1,0.216666666666667,11.2717171717172
0.08-40-0.75,0.08,40,0.75,67,224,128,1,0.202840909090909,18.0149253731343
0.08-40-0.7,0.08,40,0.7,70,232,132,1,0.193037974683544,19.9496894409938
0.08-40-0.65,0.08,40,0.65,74,239,138,1,0.188354430379747,21.9357645316549
0.08-40-0.6,0.08,40,0.6,75,247,143,1,0.187314172447968,19.1996396396396
0.08-40-0.55,0.08,40,0.55,75,247,143,1,0.187314172447968,19.1996396396396
0.08-40-0.5,0.08,40,0.5,77,252,148,1,0.183526011560694,20.154989747095
0.08-40-0.45,0.08,40,0.45,77,252,148,1,0.183526011560694,20.154989747095
0.08-40-0.4,0.08,40,0.4,77,252,148,1,0.183526011560694,20.154989747095
0.08-40-0.3,0.08,40,0.3,78,253,149,1,0.181083650190114,21.1143856143856
0.08-40-0.2,0.08,40,0.2,78,253,149,1,0.181083650190114,21.1143856143856
0.08-40-0.1,0.08,40,0.1,78,253,149,1,0.181083650190114,21.1143856143856
0.08-40-0,0.08,40,0,78,253,149,1,0.181083650190114,21.1143856143856
0.08-44-0.85,0.08,44,0.85,42,161,91,1,0.265927977839335,9.13008130081301
0.08-44-0.8,0.08,44,0.8,61,225,132,1,0.213793103448276,11.3601092896175
0.08-44-0.75,0.08,44,0.75,76,260,149,1,0.1978928080623,19.1149122807018
0.08-44-0.7,0.08,44,0.7,80,272,156,1,0.187340696686491,21.0912974683544
0.08-44-0.65,0.08,44,0.65,84,279,162,1,0.183196721311475,23.0738668961561
0.08-44-0.6,0.08,44,0.6,85,287,167,1,0.182293762575453,20.3109243697479
0.08-44-0.55,0.08,44,0.55,85,287,167,1,0.182293762575453,20.3109243697479
0.08-44-0.5,0.08,44,0.5,87,292,172,1,0.179034157832744,21.2658380112269
0.08-44-0.45,0.08,44,0.45,87,292,172,1,0.179034157832744,21.2658380112269
0.08-44-0.4,0.08,44,0.4,87,292,172,1,0.179034157832744,21.2658380112269
0.08-44-0.3,0.08,44,0.3,88,293,173,1,0.176949941792782,22.2284482758621
0.08-44-0.2,0.08,44,0.2,88,293,173,1,0.176949941792782,22.2284482758621
0.08-44-0.1,0.08,44,0.1,88,293,173,1,0.176949941792782,22.2284482758621
0.08-44-0,0.08,44,0,88,293,173,1,0.176949941792782,22.2284482758621
0.08-48-0.85,0.08,48,0.85,46,194,111,1,0.260869565217391,10.0632850241546
0.08-48-0.8,0.08,48,0.8,67,269,157,1,0.201758241758242,12.3165988240615
0.08-48-0.75,0.08,48,0.75,82,311,180,1,0.185688729874776,17.1720867208672
0.08-48-0.7,0.08,48,0.7,87,325,188,1,0.175882744836775,19.147687784015
0.08-48-0.65,0.08,48,0.65,92,335,197,1,0.170825335892514,21.1309125656952
0.08-48-0.6,0.08,48,0.6,93,343,202,1,0.170132325141777,20.2062879850397
0.08-48-0.55,0.08,48,0.55,93,343,202,1,0.170132325141777,20.2062879850397
0.08-48-0.5,0.08,48,0.5,95,348,207,1,0.167437557816836,21.1653975363942
0.08-48-0.45,0.08,48,0.45,95,348,207,1,0.167437557816836,21.1653975363942
0.08-48-0.4,0.08,48,0.4,96,350,208,1,0.165649786455156,21.9678728070175
0.08-48-0.3,0.08,48,0.3,97,351,209,1,0.16404833836858,22.916881443299
0.08-48-0.2,0.08,48,0.2,97,351,209,1,0.16404833836858,22.916881443299
0.08-48-0.1,0.08,48,0.1,97,351,209,1,0.16404833836858,22.916881443299
0.08-48-0,0.08,48,0,97,351,209,1,0.16404833836858,22.916881443299
0.08-52-0.85,0.08,52,0.85,48,213,121,1,0.270142180094787,10.0500886524823
0.08-52-0.8,0.08,52,0.8,69,293,171,1,0.212527964205817,13.2250639386189
0.08-52-0.75,0.08,52,0.75,87,349,204,1,0.190065437239738,17.2016840417001
0.08-52-0.7,0.08,52,0.7,92,363,212,1,0.181258741258741,19.1780936454849
0.08-52-0.65,0.08,52,0.65,97,373,218,1,0.177283816752507,21.1545317869416
0.08-52-0.6,0.08,52,0.6,98,381,223,1,0.176423416198877,20.2223858615611
0.08-52-0.55,0.08,52,0.55,98,381,223,1,0.176423416198877,20.2223858615611
0.08-52-0.5,0.08,52,0.5,100,386,228,1,0.17392444910808,21.1843434343434
0.08-52-0.45,0.08,52,0.45,100,386,228,1,0.17392444910808,21.1843434343434
0.08-52-0.4,0.08,52,0.4,101,388,229,1,0.172342084741357,21.9967326732673
0.08-52-0.3,0.08,52,0.3,102,389,230,1,0.170876288659794,22.947971267715
0.08-52-0.2,0.08,52,0.2,102,389,230,1,0.170876288659794,22.947971267715
0.08-52-0.1,0.08,52,0.1,102,389,230,1,0.170876288659794,22.947971267715
0.08-52-0,0.08,52,0,102,389,230,1,0.170876288659794,22.947971267715
0.08-56-0.85,0.08,56,0.85,54,245,146,1,0.259671179883946,10.1589797344514
0.08-56-0.8,0.08,56,0.8,74,331,202,1,0.210149439601494,13.238430211033
0.08-56-0.75,0.08,56,0.75,93,393,239,1,0.187688442211055,18.1623422159888
0.08-56-0.7,0.08,56,0.7,97,405,246,1,0.181034482758621,19.1826675257732
0.08-56-0.65,0.08,56,0.65,102,416,252,1,0.177126917712692,20.2141331780237
0.08-56-0.6,0.08,56,0.6,103,424,257,1,0.176349024110218,19.2787930706263
0.08-56-0.55,0.08,56,0.55,103,424,257,1,0.176349024110218,19.2787930706263
0.08-56-0.5,0.08,56,0.5,105,429,262,1,0.174040632054176,20.2421245421245
0.08-56-0.45,0.08,56,0.45,105,429,262,1,0.174040632054176,20.2421245421245
0.08-56-0.4,0.08,56,0.4,106,431,263,1,0.172637707120466,21.0721473495058
0.08-56-0.3,0.08,56,0.3,107,432,264,1,0.171295267718285,22.0252160112855
0.08-56-0.2,0.08,56,0.2,107,432,264,1,0.171295267718285,22.0252160112855
0.08-56-0.1,0.08,56,0.1,107,432,264,1,0.171295267718285,22.0252160112855
0.08-56-0,0.08,56,0,107,432,264,1,0.171295267718285,22.0252160112855
0.08-60-0.85,0.08,60,0.85,59,258,154,1,0.247297297297297,12.0128579777908
0.08-60-0.8,0.08,60,0.8,79,344,210,1,0.202296819787986,15.0876338851022
0.08-60-0.75,0.08,60,0.75,98,406,247,1,0.181578947368421,19.9944245739533
0.08-60-0.7,0.08,60,0.7,107,432,264,1,0.174128233970754,25.6941456533239
0.08-60-0.65,0.08,60,0.65,112,443,270,1,0.170454545454545,26.7349581724582
0.08-60-0.6,0.08,60,0.6,113,451,275,1,0.169799092676604,25.8081542351454
0.08-60-0.55,0.08,60,0.55,114,454,276,1,0.168690095846645,25.8228535941624
0.08-60-0.5,0.08,60,0.5,116,459,281,1,0.166527021365731,26.7884557721139
0.08-60-0.45,0.08,60,0.45,116,459,281,1,0.166527021365731,26.7884557721139
0.08-60-0.4,0.08,60,0.4,117,461,282,1,0.16524631053835,27.5877541998232
0.08-60-0.35,0.08,60,0.35,118,462,283,1,0.163951330171169,28.5404896421846
0.08-60-0.3,0.08,60,0.3,119,463,284,1,0.163647591601482,29.4972938327874
0.08-60-0.2,0.08,60,0.2,119,463,284,1,0.163647591601482,29.4972938327874
0.08-60-0.1,0.08,60,0.1,119,463,284,1,0.163647591601482,29.4972938327874
0.08-60-0,0.08,60,0,119,463,284,1,0.163647591601482,29.4972938327874
0.09-4-0.85,0.09,4,0.85,3,9,5,1,1,1
0.09-4-0.75,0.09,4,0.75,6,14,8,1,0.5,3.06666666666667
0.09-4-0,0.09,4,0,6,14,8,1,0.5,3.06666666666667
0.09-8-0.75,0.09,8,0.75,11,20,12,1,0.214285714285714,7.56363636363636
0.09-8-0.65,0.09,8,0.65,12,22,14,1,0.236842105263158,7.73484848484848
0.09-8-0,0.09,8,0,12,22,14,1,0.236842105263158,7.73484848484848
0.09-12-0.85,0.09,12,0.85,12,39,26,1,0.485714285714286,3.62878787878788
0.09-12-0.8,0.09,12,0.8,14,43,30,1,0.421487603305785,5.43406593406593
0.09-12-0.75,0.09,12,0.75,22,57,42,1,0.307317073170732,11.1103896103896
0.09-12-0.65,0.09,12,0.65,23,59,44,1,0.2882096069869,12.0573122529644
0.09-12-0,0.09,12,0,23,59,44,1,0.2882096069869,12.0573122529644
0.09-16-0.8,0.09,16,0.8,15,48,35,1,0.401408450704225,5.50952380952381
0.09-16-0.75,0.09,16,0.75,26,70,52,1,0.273615635179153,10.4861538461538
0.09-16-0.7,0.09,16,0.7,27,72,54,1,0.258928571428571,11.4230769230769
0.09-16-0.65,0.09,16,0.65,27,72,54,1,0.258928571428571,11.4230769230769
0.09-16-0.5,0.09,16,0.5,27,72,54,1,0.258928571428571,11.4230769230769
0.09-16-0,0.09,16,0,28,73,55,1,0.25,12.3783068783069
0.09-20-0.8,0.09,20,0.8,17,57,44,1,0.391304347826087,5.59191176470588
0.09-20-0.75,0.09,20,0.75,28,79,61,1,0.274238227146814,10.5542328042328
0.09-20-0.7,0.09,20,0.7,29,81,63,1,0.260204081632653,11.493842364532
0.09-20-0.65,0.09,20,0.65,30,82,64,1,0.251851851851852,12.4494252873563
0.09-20-0.5,0.09,20,0.5,31,84,66,1,0.25,13.3268817204301
0.09-20-0.4,0.09,20,0.4,32,85,67,1,0.241706161137441,14.289314516129
0.09-20-0,0.09,20,0,33,86,68,1,0.233409610983982,15.2537878787879
0.09-24-0.85,0.09,24,0.85,22,79,46,1,0.356521739130435,5.88961038961039
0.09-24-0.8,0.09,24,0.8,26,96,60,1,0.34304932735426,7.66
0.09-24-0.75,0.09,24,0.75,36,116,72,1,0.272727272727273,12.6055555555556
0.09-24-0.7,0.09,24,0.7,37,119,74,1,0.2625,13.5533033033033
0.09-24-0.65,0.09,24,0.65,39,123,78,1,0.253968253968254,14.5937921727395
0.09-24-0.5,0.09,24,0.5,40,128,81,1,0.253246753246753,15.2942307692308
0.09-24-0.45,0.09,24,0.45,41,129,82,1,0.24746192893401,16.2634146341463
0.09-24-0.4,0.09,24,0.4,41,129,82,1,0.24746192893401,16.2634146341463
0.09-24-0.2,0.09,24,0.2,42,130,83,1,0.241635687732342,17.2340301974448
0.09-24-0,0.09,24,0,42,130,83,1,0.241635687732342,17.2340301974448
0.09-28-0.85,0.09,28,0.85,28,99,51,1,0.319391634980989,9.58730158730159
0.09-28-0.8,0.09,28,0.8,39,130,71,1,0.27877947295423,14.4547908232119
0.09-28-0.75,0.09,28,0.75,50,159,86,1,0.242540904716073,15.9689795918367
0.09-28-0.7,0.09,28,0.7,51,162,88,1,0.235186873290793,16.921568627451
0.09-28-0.65,0.09,28,0.65,53,166,92,1,0.229148375768218,17.9368650217707
0.09-28-0.6,0.09,28,0.6,54,172,95,1,0.226999140154772,18.6666666666667
0.09-28-0.5,0.09,28,0.5,54,172,95,1,0.226999140154772,18.6666666666667
0.09-28-0.45,0.09,28,0.45,55,173,96,1,0.223161453930685,19.6360269360269
0.09-28-0.4,0.09,28,0.4,55,173,96,1,0.223161453930685,19.6360269360269
0.09-28-0.2,0.09,28,0.2,56,174,97,1,0.219269102990033,20.6064935064935
0.09-28-0,0.09,28,0,56,174,97,1,0.219269102990033,20.6064935064935
0.09-32-0.85,0.09,32,0.85,29,102,53,1,0.313513513513514,9.63177339901478
0.09-32-0.8,0.09,32,0.8,42,141,78,1,0.262135922330097,15.1951219512195
0.09-32-0.75,0.09,32,0.75,56,178,98,1,0.218051118210863,17.7243506493507
0.09-32-0.7,0.09,32,0.7,57,181,100,1,0.212328767123288,18.6694862155388
0.09-32-0.65,0.09,32,0.65,59,185,104,1,0.207200587803086,19.6756282875511
0.09-32-0.6,0.09,32,0.6,60,191,107,1,0.205479452054795,20.4194915254237
0.09-32-0.5,0.09,32,0.5,60,191,107,1,0.205479452054795,20.4194915254237
0.09-32-0.45,0.09,32,0.45,61,192,108,1,0.202127659574468,21.3795081967213
0.09-32-0.4,0.09,32,0.4,61,192,108,1,0.202127659574468,21.3795081967213
0.09-32-0.2,0.09,32,0.2,62,193,109,1,0.198744769874477,22.3408249603384
0.09-32-0,0.09,32,0,62,193,109,1,0.198744769874477,22.3408249603384
0.09-36-0.8,0.09,36,0.8,47,169,96,1,0.24032403240324,9.31128584643848
0.09-36-0.75,0.09,36,0.75,61,206,116,1,0.20532319391635,14.1887978142076
0.09-36-0.7,0.09,36,0.7,64,212,120,1,0.196897374701671,17.0416666666667
0.09-36-0.65,0.09,36,0.65,66,217,125,1,0.193325661680092,17.0997668997669
0.09-36-0.6,0.09,36,0.6,67,225,130,1,0.192350956130484,15.2668475802804
0.09-36-0.5,0.09,36,0.5,67,225,130,1,0.192350956130484,15.2668475802804
0.09-36-0.45,0.09,36,0.45,68,226,131,1,0.189578713968958,16.2192712906058
0.09-36-0.4,0.09,36,0.4,68,226,131,1,0.189578713968958,16.2192712906058
0.09-36-0.2,0.09,36,0.2,69,227,132,1,0.186783178590934,17.1730605285593
0.09-36-0.1,0.09,36,0.1,69,227,132,1,0.186783178590934,17.1730605285593
0.09-36-0,0.09,36,0,69,227,132,1,0.186783178590934,17.1730605285593
0.09-40-0.8,0.09,40,0.8,50,182,105,1,0.23463687150838,9.35428571428571
0.09-40-0.75,0.09,40,0.75,66,224,130,1,0.204313280363224,16.1191142191142
0.09-40-0.7,0.09,40,0.7,70,235,138,1,0.194210526315789,19.0267080745342
0.09-40-0.65,0.09,40,0.65,73,241,144,1,0.189969604863222,20.0454718417047
0.09-40-0.6,0.09,40,0.6,74,249,149,1,0.188894397620228,17.3102554609404
0.09-40-0.5,0.09,40,0.5,74,249,149,1,0.188894397620228,17.3102554609404
0.09-40-0.45,0.09,40,0.45,75,250,150,1,0.186490455212922,18.2663063063063
0.09-40-0.4,0.09,40,0.4,75,250,150,1,0.186490455212922,18.2663063063063
0.09-40-0.2,0.09,40,0.2,76,251,151,1,0.184057971014493,19.2235087719298
0.09-40-0.1,0.09,40,0.1,76,251,151,1,0.184057971014493,19.2235087719298
0.09-40-0,0.09,40,0,76,251,151,1,0.184057971014493,19.2235087719298
0.09-44-0.8,0.09,44,0.8,60,250,145,1,0.219289340101523,9.42966101694915
0.09-44-0.75,0.09,44,0.75,77,301,173,1,0.193186072631973,14.3737183868763
0.09-44-0.7,0.09,44,0.7,83,316,183,1,0.183780020884093,17.3297090802233
0.09-44-0.65,0.09,44,0.65,87,325,192,1,0.178774690324741,18.3588612670409
0.09-44-0.6,0.09,44,0.6,88,333,197,1,0.177924217462932,17.4254179728318
0.09-44-0.5,0.09,44,0.5,88,333,197,1,0.177924217462932,17.4254179728318
0.09-44-0.45,0.09,44,0.45,89,334,198,1,0.176182707993475,18.3868743615935
0.09-44-0.4,0.09,44,0.4,90,336,199,1,0.174249757986447,19.1956304619226
0.09-44-0.2,0.09,44,0.2,91,337,200,1,0.172523961661342,20.1496947496947
0.09-44-0.1,0.09,44,0.1,91,337,200,1,0.172523961661342,20.1496947496947
0.09-44-0,0.09,44,0,91,337,200,1,0.172523961661342,20.1496947496947
0.09-48-0.8,0.09,48,0.8,62,254,148,1,0.213971665852467,11.3172924378636
0.09-48-0.75,0.09,48,0.75,81,317,186,1,0.185794261721484,16.1865740740741
0.09-48-0.7,0.09,48,0.7,87,332,196,1,0.177219321148825,19.1232290831329
0.09-48-0.65,0.09,48,0.65,92,344,205,1,0.172046380445002,20.1715241280459
0.09-48-0.6,0.09,48,0.6,93,352,210,1,0.171243443381672,19.2448574100047
0.09-48-0.5,0.09,48,0.5,93,352,210,1,0.171243443381672,19.2448574100047
0.09-48-0.45,0.09,48,0.45,94,353,211,1,0.169672882910425,20.1999542438801
0.09-48-0.4,0.09,48,0.4,95,355,212,1,0.167927382753404,21.0101903695409
0.09-48-0.2,0.09,48,0.2,96,356,213,1,0.16636690647482,21.9584429824561
0.09-48-0.1,0.09,48,0.1,96,356,213,1,0.16636690647482,21.9584429824561
0.09-48-0,0.09,48,0,96,356,213,1,0.16636690647482,21.9584429824561
0.09-52-0.85,0.09,52,0.85,46,202,115,1,0.263935527199463,9.96570048309179
0.09-52-0.8,0.09,52,0.8,68,301,182,1,0.216276477146042,11.3048726953468
0.09-52-0.75,0.09,52,0.75,88,369,223,1,0.188494833845295,16.2268808777429
0.09-52-0.7,0.09,52,0.7,93,384,234,1,0.180237154150198,18.2059373539037
0.09-52-0.65,0.09,52,0.65,97,393,240,1,0.176741803278689,19.2207903780069
0.09-52-0.6,0.09,52,0.6,98,401,245,1,0.175935288169869,18.2875026299179
0.09-52-0.5,0.09,52,0.5,98,401,245,1,0.175935288169869,18.2875026299179
0.09-52-0.45,0.09,52,0.45,99,402,246,1,0.174523570712136,19.2445887445887
0.09-52-0.4,0.09,52,0.4,100,404,247,1,0.1730482347091,20.0742424242424
0.09-52-0.2,0.09,52,0.2,101,405,248,1,0.171639950678175,21.0245544554455
0.09-52-0.1,0.09,52,0.1,101,405,248,1,0.171639950678175,21.0245544554455
0.09-52-0,0.09,52,0,101,405,248,1,0.171639950678175,21.0245544554455
0.09-56-0.85,0.09,56,0.85,48,215,126,1,0.259940652818991,9.97872340425532
0.09-56-0.8,0.09,56,0.8,71,321,195,1,0.217333774396295,11.3144869215292
0.09-56-0.75,0.09,56,0.75,90,386,236,1,0.192327497425335,16.2287141073658
0.09-56-0.7,0.09,56,0.7,96,402,248,1,0.183450618781849,19.1722587719298
0.09-56-0.65,0.09,56,0.65,100,411,254,1,0.180014174344437,20.1876767676768
0.09-56-0.6,0.09,56,0.6,101,419,259,1,0.179188054129725,19.2534653465347
0.09-56-0.5,0.09,56,0.5,101,419,259,1,0.179188054129725,19.2534653465347
0.09-56-0.45,0.09,56,0.45,102,420,260,1,0.177818939569345,20.2120947388857
0.09-56-0.4,0.09,56,0.4,103,422,261,1,0.176389526871842,21.0374071958881
0.09-56-0.2,0.09,56,0.2,104,423,262,1,0.175022789425706,21.9894510828977
0.09-56-0.1,0.09,56,0.1,104,423,262,1,0.175022789425706,21.9894510828977
0.09-56-0,0.09,56,0,104,423,262,1,0.175022789425706,21.9894510828977
0.09-60-0.85,0.09,60,0.85,49,219,130,1,0.253424657534247,10.0034013605442
0.09-60-0.8,0.09,60,0.8,75,333,204,1,0.206261510128913,11.3718918918919
0.09-60-0.75,0.09,60,0.75,95,399,245,1,0.183747287195563,17.2518477043673
0.09-60-0.7,0.09,60,0.7,105,428,266,1,0.175236806495264,23.9455128205128
0.09-60-0.65,0.09,60,0.65,109,438,273,1,0.171936758893281,24.9549779136935
0.09-60-0.6,0.09,60,0.6,110,446,278,1,0.17126112437595,24.0190158465388
0.09-60-0.5,0.09,60,0.5,111,449,279,1,0.170089858793325,24.0321867321867
0.09-60-0.45,0.09,60,0.45,112,450,280,1,0.168789808917197,24.9960585585586
0.09-60-0.4,0.09,60,0.4,113,452,281,1,0.167509481668774,25.7951169405815
0.09-60-0.3,0.09,60,0.3,114,453,282,1,0.16621367342672,26.7530662940537
0.09-60-0.2,0.09,60,0.2,115,454,283,1,0.165901502504174,27.7151029748284
0.09-60-0.1,0.09,60,0.1,115,454,283,1,0.165901502504174,27.7151029748284
0.09-60-0,0.09,60,0,115,454,283,1,0.165901502504174,27.7151029748284
0.1-4-0.85,0.1,4,0.85,3,9,5,1,1,1
0.1-4-0.75,0.1,4,0.75,6,14,8,1,0.5,3.06666666666667
0.1-4-0,0.1,4,0,6,14,8,1,0.5,3.06666666666667
0.1-8-0.75,0.1,8,0.75,11,20,12,1,0.214285714285714,7.56363636363636
0.1-8-0.65,0.1,8,0.65,12,22,14,1,0.236842105263158,7.73484848484848
0.1-8-0,0.1,8,0,12,22,14,1,0.236842105263158,7.73484848484848
0.1-12-0.85,0.1,12,0.85,10,33,22,1,0.531645569620253,2.71111111111111
0.1-12-0.8,0.1,12,0.8,14,42,29,1,0.421487603305785,5.44505494505495
0.1-12-0.75,0.1,12,0.75,21,54,39,1,0.321428571428571,11.0452380952381
0.1-12-0.7,0.1,12,0.7,23,58,43,1,0.2882096069869,12.0691699604743
0.1-12-0.65,0.1,12,0.65,23,58,43,1,0.2882096069869,12.0691699604743
0.1-12-0,0.1,12,0,23,58,43,1,0.2882096069869,12.0691699604743
0.1-16-0.8,0.1,16,0.8,17,52,39,1,0.368715083798883,4.89338235294118
0.1-16-0.75,0.1,16,0.75,25,67,49,1,0.282828282828283,10.445
0.1-16-0.7,0.1,16,0.7,27,71,53,1,0.258928571428571,11.4358974358974
0.1-16-0.65,0.1,16,0.65,28,72,54,1,0.25,12.3902116402116
0.1-16-0,0.1,16,0,28,72,54,1,0.25,12.3902116402116
0.1-20-0.8,0.1,20,0.8,22,69,51,1,0.328301886792453,6.76190476190476
0.1-20-0.75,0.1,20,0.75,28,81,58,1,0.272727272727273,10.542328042328
0.1-20-0.7,0.1,20,0.7,30,85,62,1,0.251162790697674,11.5264367816092
0.1-20-0.65,0.1,20,0.65,32,87,64,1,0.235294117647059,13.4395161290323
0.1-20-0.4,0.1,20,0.4,33,89,66,1,0.233766233766234,14.3238636363636
0.1-20-0,0.1,20,0,34,90,67,1,0.225941422594142,15.2878787878788
0.1-24-0.85,0.1,24,0.85,21,76,45,1,0.366071428571429,5
0.1-24-0.8,0.1,24,0.8,28,100,65,1,0.328767123287671,7.80555555555556
0.1-24-0.75,0.1,24,0.75,36,114,71,1,0.275187969924812,12.6452380952381
0.1-24-0.7,0.1,24,0.7,37,117,73,1,0.264705882352941,13.5908408408408
0.1-24-0.65,0.1,24,0.65,40,122,78,1,0.25,15.5871794871795
0.1-24-0.45,0.1,24,0.45,41,127,81,1,0.249679897567222,16.2951219512195
0.1-24-0.4,0.1,24,0.4,41,127,81,1,0.249679897567222,16.2951219512195
0.1-24-0.2,0.1,24,0.2,42,128,82,1,0.24375,17.2642276422764
0.1-24-0,0.1,24,0,42,128,82,1,0.24375,17.2642276422764
0.1-28-0.85,0.1,28,0.85,26,95,50,1,0.328125,7.72923076923077
0.1-28-0.8,0.1,28,0.8,41,135,76,1,0.266337854500617,12.8451219512195
0.1-28-0.75,0.1,28,0.75,50,157,85,1,0.244422890397672,15.989387755102
0.1-28-0.7,0.1,28,0.7,51,160,87,1,0.236914600550964,16.9411764705882
0.1-28-0.65,0.1,28,0.65,54,165,92,1,0.226759339704605,18.9182389937107
0.1-28-0.45,0.1,28,0.45,55,170,95,1,0.226609442060086,19.7080808080808
0.1-28-0.4,0.1,28,0.4,55,170,95,1,0.226609442060086,19.7080808080808
0.1-28-0.2,0.1,28,0.2,56,171,96,1,0.222596964586847,20.6769480519481
0.1-28-0,0.1,28,0,56,171,96,1,0.222596964586847,20.6769480519481
0.1-32-0.85,0.1,32,0.85,27,97,51,1,0.321428571428571,8.66809116809117
0.1-32-0.8,0.1,32,0.8,44,146,83,1,0.250549450549451,14.5179704016913
0.1-32-0.75,0.1,32,0.75,56,175,96,1,0.219690805532954,18.6662337662338
0.1-32-0.7,0.1,32,0.7,57,178,98,1,0.213787761425252,19.6121553884712
0.1-32-0.65,0.1,32,0.65,60,183,103,1,0.204996326230713,21.5754237288136
0.1-32-0.45,0.1,32,0.45,61,188,106,1,0.20479302832244,22.3745901639344
0.1-32-0.4,0.1,32,0.4,61,188,106,1,0.20479302832244,22.3745901639344
0.1-32-0.2,0.1,32,0.2,62,189,107,1,0.201284796573876,23.3358011634056
0.1-32-0,0.1,32,0,62,189,107,1,0.201284796573876,23.3358011634056
0.1-36-0.8,0.1,36,0.8,49,174,101,1,0.23134328358209,10.2627551020408
0.1-36-0.75,0.1,36,0.75,62,205,116,1,0.203551046290425,16.0875198307774
0.1-36-0.7,0.1,36,0.7,63,208,118,1,0.198542805100182,17.0327700972862
0.1-36-0.65,0.1,36,0.65,67,215,124,1,0.191379310344828,19.0065581184984
0.1-36-0.45,0.1,36,0.45,68,222,129,1,0.191633691351046,17.1854697102722
0.1-36-0.4,0.1,36,0.4,68,222,129,1,0.191633691351046,17.1854697102722
0.1-36-0.2,0.1,36,0.2,69,223,130,1,0.188752783964365,18.1393861892583
0.1-36-0.1,0.1,36,0.1,69,223,130,1,0.188752783964365,18.1393861892583
0.1-36-0,0.1,36,0,69,223,130,1,0.188752783964365,18.1393861892583
0.1-40-0.8,0.1,40,0.8,52,187,110,1,0.226331360946746,10.3050527903469
0.1-40-0.75,0.1,40,0.75,67,223,130,1,0.202725724020443,18.0244233378562
0.1-40-0.7,0.1,40,0.7,68,227,133,1,0.198373983739837,18.9743195785777
0.1-40-0.65,0.1,40,0.65,74,238,143,1,0.188832487309645,22.860607182525
0.1-40-0.6,0.1,40,0.6,75,245,148,1,0.188811188811189,20.1362162162162
0.1-40-0.45,0.1,40,0.45,75,245,148,1,0.188811188811189,20.1362162162162
0.1-40-0.4,0.1,40,0.4,75,245,148,1,0.188811188811189,20.1362162162162
0.1-40-0.2,0.1,40,0.2,76,246,149,1,0.186298669295219,21.0947368421053
0.1-40-0.1,0.1,40,0.1,76,246,149,1,0.186298669295219,21.0947368421053
0.1-40-0,0.1,40,0,76,246,149,1,0.186298669295219,21.0947368421053
0.1-44-0.8,0.1,44,0.8,61,255,151,1,0.215105162523901,9.42185792349727
0.1-44-0.75,0.1,44,0.75,78,300,174,1,0.19304152637486,15.3488178488178
0.1-44-0.7,0.1,44,0.7,81,309,181,1,0.186434659090909,16.350462962963
0.1-44-0.65,0.1,44,0.65,87,320,191,1,0.179089376053963,20.2265437048917
0.1-44-0.6,0.1,44,0.6,88,327,196,1,0.179,19.3028996865204
0.1-44-0.45,0.1,44,0.45,88,327,196,1,0.179,19.3028996865204
0.1-44-0.4,0.1,44,0.4,89,329,197,1,0.17699406723797,20.0995914198161
0.1-44-0.2,0.1,44,0.2,90,330,198,1,0.175203915171289,21.0540574282147
0.1-44-0.1,0.1,44,0.1,90,330,198,1,0.175203915171289,21.0540574282147
0.1-44-0,0.1,44,0,90,330,198,1,0.175203915171289,21.0540574282147
0.1-48-0.8,0.1,48,0.8,63,259,154,1,0.209848136217211,11.3100358422939
0.1-48-0.75,0.1,48,0.75,83,318,187,1,0.18397212543554,16.2449309432853
0.1-48-0.7,0.1,48,0.7,86,327,194,1,0.177991382167716,17.2366621067031
0.1-48-0.65,0.1,48,0.65,93,341,204,1,0.170808430324001,21.1085787751286
0.1-48-0.6,0.1,48,0.6,94,348,209,1,0.170708955223881,20.1893159460078
0.1-48-0.45,0.1,48,0.45,94,348,209,1,0.170708955223881,20.1893159460078
0.1-48-0.4,0.1,48,0.4,95,350,210,1,0.168923076923077,20.9996640537514
0.1-48-0.2,0.1,48,0.2,96,351,211,1,0.167327034440719,21.9478070175439
0.1-48-0.1,0.1,48,0.1,96,351,211,1,0.167327034440719,21.9478070175439
0.1-48-0,0.1,48,0,96,351,211,1,0.167327034440719,21.9478070175439
0.1-52-0.85,0.1,52,0.85,44,197,116,1,0.279401767505099,9.00158562367865
0.1-52-0.8,0.1,52,0.8,68,301,184,1,0.21530574880996,10.373573309921
0.1-52-0.75,0.1,52,0.75,87,363,220,1,0.190164866401364,15.2810745789896
0.1-52-0.7,0.1,52,0.7,90,373,228,1,0.183540877097997,16.2674157303371
0.1-52-0.65,0.1,52,0.65,97,387,238,1,0.176972833117723,20.1403565292096
0.1-52-0.6,0.1,52,0.6,98,394,243,1,0.176741803278689,19.2144961077214
0.1-52-0.45,0.1,52,0.45,98,394,243,1,0.176741803278689,19.2144961077214
0.1-52-0.4,0.1,52,0.4,99,396,244,1,0.175215845606907,20.0427746856318
0.1-52-0.2,0.1,52,0.2,100,397,245,1,0.173759758247293,20.9927272727273
0.1-52-0.1,0.1,52,0.1,100,397,245,1,0.173759758247293,20.9927272727273
0.1-52-0,0.1,52,0,100,397,245,1,0.173759758247293,20.9927272727273
0.1-56-0.85,0.1,56,0.85,46,210,127,1,0.273873873873874,9.01256038647343
0.1-56-0.8,0.1,56,0.8,73,326,199,1,0.210759493670886,10.4069634703196
0.1-56-0.75,0.1,56,0.75,91,385,235,1,0.18960244648318,15.3064713064713
0.1-56-0.7,0.1,56,0.7,94,395,243,1,0.183300876338851,16.2921528254404
0.1-56-0.65,0.1,56,0.65,101,409,253,1,0.177129521586931,20.1681188118812
0.1-56-0.6,0.1,56,0.6,102,416,258,1,0.176878612716763,19.2395651329839
0.1-56-0.45,0.1,56,0.45,103,419,259,1,0.175666438824334,19.2518560822387
0.1-56-0.4,0.1,56,0.4,104,421,260,1,0.174276672694394,20.0879387602689
0.1-56-0.3,0.1,56,0.3,105,422,261,1,0.172908723929132,21.039652014652
0.1-56-0.2,0.1,56,0.2,106,423,262,1,0.172599059771659,21.9962264150943
0.1-56-0.1,0.1,56,0.1,106,423,262,1,0.172599059771659,21.9962264150943
0.1-56-0,0.1,56,0,106,423,262,1,0.172599059771659,21.9962264150943
0.1-60-0.8,0.1,60,0.8,76,335,206,1,0.204278397107563,11.3919298245614
0.1-60-0.75,0.1,60,0.75,95,395,242,1,0.184390243902439,17.2599104143337
0.1-60-0.7,0.1,60,0.7,102,418,259,1,0.178018933271762,21.9881576392933
0.1-60-0.65,0.1,60,0.65,109,433,270,1,0.172016825326544,25.8781005776419
0.1-60-0.6,0.1,60,0.6,110,440,275,1,0.171823568136932,24.9482902418682
0.1-60-0.45,0.1,60,0.45,111,443,276,1,0.170705322371268,24.9619164619165
0.1-60-0.4,0.1,60,0.4,112,445,277,1,0.169386002576213,25.7595720720721
0.1-60-0.3,0.1,60,0.3,113,446,278,1,0.168051118210863,26.7173672566372
0.1-60-0.2,0.1,60,0.2,114,447,279,1,0.167765256219434,27.6793199813694
0.1-60-0.1,0.1,60,0.1,114,447,279,1,0.167765256219434,27.6793199813694
0.1-60-0,0.1,60,0,114,447,279,1,0.167765256219434,27.6793199813694
0.12-4-0.85,0.12,4,0.85,3,9,5,1,1,1
0.12-4-0.8,0.12,4,0.8,6,14,8,1,0.5,3.06666666666667
0.12-4-0,0.12,4,0,6,14,8,1,0.5,3.06666666666667
0.12-8-0,0.12,8,0,12,21,13,1,0.176470588235294,8.03030303030303
0.12-12-0.85,0.12,12,0.85,9,31,20,1,0.582089552238806,2.58333333333333
0.12-12-0.8,0.12,12,0.8,14,42,29,1,0.421487603305785,5.44505494505495
0.12-12-0.75,0.12,12,0.75,23,56,41,1,0.268867924528302,11.6837944664032
0.12-12-0.7,0.12,12,0.7,24,58,43,1,0.253164556962025,12.6086956521739
0.12-12-0,0.12,12,0,24,58,43,1,0.253164556962025,12.6086956521739
0.12-16-0.8,0.12,16,0.8,17,52,37,1,0.375,4.88970588235294
0.12-16-0.75,0.12,16,0.75,26,67,49,1,0.256849315068493,11.0661538461538
0.12-16-0.7,0.12,16,0.7,27,69,51,1,0.242990654205607,11.982905982906
0.12-16-0,0.12,16,0,29,71,53,1,0.225433526011561,13.85960591133
0.12-20-0.8,0.12,20,0.8,24,80,53,1,0.315789473684211,5.98007246376812
0.12-20-0.75,0.12,20,0.75,30,88,59,1,0.254004576659039,10.4011494252874
0.12-20-0.7,0.12,20,0.7,31,90,61,1,0.24203821656051,11.3172043010753
0.12-20-0.4,0.12,20,0.4,33,92,63,1,0.228,13.188446969697
0.12-20-0,0.12,20,0,34,93,64,1,0.22093023255814,14.1292335115865
0.12-24-0.8,0.12,24,0.8,35,118,66,1,0.294851794071763,11.6109243697479
0.12-24-0.75,0.12,24,0.75,43,131,73,1,0.250311332503113,15.4102990033223
0.12-24-0.7,0.12,24,0.7,44,134,75,1,0.241822429906542,16.3472515856237
0.12-24-0.65,0.12,24,0.65,47,139,80,1,0.230263157894737,18.3209990749306
0.12-24-0.4,0.12,24,0.4,47,139,80,1,0.230263157894737,18.3209990749306
0.12-24-0,0.12,24,0,48,140,81,1,0.225321888412017,19.2734929078014
0.12-28-0.8,0.12,28,0.8,43,143,78,1,0.258968609865471,13.8039867109635
0.12-28-0.75,0.12,28,0.75,52,164,90,1,0.224729241877256,17.3427601809955
0.12-28-0.7,0.12,28,0.7,53,167,92,1,0.218321917808219,18.2728592162554
0.12-28-0.65,0.12,28,0.65,56,172,97,1,0.208906882591093,20.2181818181818
0.12-28-0.4,0.12,28,0.4,56,172,97,1,0.208906882591093,20.2181818181818
0.12-28-0,0.12,28,0,57,173,98,1,0.205087440381558,21.1625939849624
0.12-32-0.8,0.12,32,0.8,45,153,85,1,0.249249249249249,9.4510101010101
0.12-32-0.75,0.12,32,0.75,57,181,101,1,0.208396946564885,14.906328320802
0.12-32-0.7,0.12,32,0.7,59,186,105,1,0.199713672154617,16.7679719462303
0.12-32-0.65,0.12,32,0.65,62,192,111,1,0.192437542201215,17.776837652036
0.12-32-0.4,0.12,32,0.4,62,192,111,1,0.192437542201215,17.776837652036
0.12-32-0,0.12,32,0,63,193,112,1,0.189117451891175,18.7168458781362
0.12-36-0.8,0.12,36,0.8,48,171,96,1,0.23717409587889,9.43040780141844
0.12-36-0.75,0.12,36,0.75,61,200,113,1,0.201051248357424,15.8653005464481
0.12-36-0.7,0.12,36,0.7,63,205,117,1,0.193188854489164,17.7378392217102
0.12-36-0.65,0.12,36,0.65,66,211,123,1,0.186729301233118,18.7487179487179
0.12-36-0.4,0.12,36,0.4,66,211,123,1,0.186729301233118,18.7487179487179
0.12-36-0,0.12,36,0,67,212,124,1,0.183815028901734,19.6931252826775
0.12-40-0.8,0.12,40,0.8,55,215,127,1,0.216312056737589,9.45723905723906
0.12-40-0.75,0.12,40,0.75,69,251,150,1,0.188555347091932,15.1771099744246
0.12-40-0.7,0.12,40,0.7,72,259,156,1,0.181537102473498,17.1140453834116
0.12-40-0.65,0.12,40,0.65,77,269,166,1,0.173967459324155,19.1148325358852
0.12-40-0.6,0.12,40,0.6,77,269,166,1,0.173967459324155,19.1148325358852
0.12-40-0.5,0.12,40,0.5,77,269,166,1,0.173967459324155,19.1148325358852
0.12-40-0.4,0.12,40,0.4,78,271,167,1,0.171675586661177,19.8866133866134
0.12-40-0,0.12,40,0,79,272,168,1,0.169650122050448,20.8377150275884
0.12-44-0.8,0.12,44,0.8,60,252,147,1,0.215837759536456,8.55084745762712
0.12-44-0.75,0.12,44,0.75,79,305,177,1,0.183537263626251,13.3633560532295
0.12-44-0.7,0.12,44,0.7,82,313,183,1,0.177152899824253,15.2722071665161
0.12-44-0.65,0.12,44,0.65,88,326,193,1,0.170056685561854,17.2667189132706
0.12-44-0.6,0.12,44,0.6,88,326,193,1,0.170056685561854,17.2667189132706
0.12-44-0.5,0.12,44,0.5,88,326,193,1,0.170056685561854,17.2667189132706
0.12-44-0.4,0.12,44,0.4,89,328,194,1,0.168150346191889,18.0967824310521
0.12-44-0,0.12,44,0,90,329,195,1,0.16644908616188,19.0404494382022
0.12-48-0.8,0.12,48,0.8,64,271,164,1,0.209753992231334,9.51364087301587
0.12-48-0.75,0.12,48,0.75,84,331,201,1,0.179563492063492,14.3488238668962
0.12-48-0.7,0.12,48,0.7,86,337,205,1,0.175238095238095,15.3127222982216
0.12-48-0.65,0.12,48,0.65,92,350,215,1,0.168580060422961,17.3054228380315
0.12-48-0.6,0.12,48,0.6,92,350,215,1,0.168580060422961,17.3054228380315
0.12-48-0.5,0.12,48,0.5,92,350,215,1,0.168580060422961,17.3054228380315
0.12-48-0.4,0.12,48,0.4,93,352,216,1,0.166866028708134,18.1422393641889
0.12-48-0,0.12,48,0,94,353,217,1,0.165284360189573,19.088080530771
0.12-52-0.85,0.12,52,0.85,48,208,120,1,0.269279393173198,10.050975177305
0.12-52-0.8,0.12,52,0.8,69,311,189,1,0.21866485013624,9.50639386189258
0.12-52-0.75,0.12,52,0.75,88,372,227,1,0.189710610932476,14.3271943573668
0.12-52-0.7,0.12,52,0.7,91,382,235,1,0.183235369281881,15.3119658119658
0.12-52-0.65,0.12,52,0.65,96,392,242,1,0.178298397040691,17.2787280701754
0.12-52-0.6,0.12,52,0.6,96,392,242,1,0.178298397040691,17.2787280701754
0.12-52-0.5,0.12,52,0.5,96,392,242,1,0.178298397040691,17.2787280701754
0.12-52-0.4,0.12,52,0.4,97,394,243,1,0.176772616136919,18.1229596219931
0.12-52-0.25,0.12,52,0.25,98,395,244,1,0.175315227934045,19.071112981275
0.12-52-0,0.12,52,0,99,396,245,1,0.174975798644724,20.0246340960627
0.12-56-0.85,0.12,56,0.85,52,228,132,1,0.257668711656442,11.0614630467572
0.12-56-0.8,0.12,56,0.8,75,338,205,1,0.207839562443026,10.5212612612613
0.12-56-0.75,0.12,56,0.75,94,397,243,1,0.183718642400394,16.2929535575383
0.12-56-0.7,0.12,56,0.7,97,407,251,1,0.177798682972719,17.2793170103093
0.12-56-0.65,0.12,56,0.65,102,418,259,1,0.173221186633326,19.2352941176471
0.12-56-0.6,0.12,56,0.6,102,418,259,1,0.173221186633326,19.2352941176471
0.12-56-0.5,0.12,56,0.5,102,418,259,1,0.173221186633326,19.2352941176471
0.12-56-0.4,0.12,56,0.4,103,420,260,1,0.171853856562923,20.0702455739577
0.12-56-0.25,0.12,56,0.25,104,421,261,1,0.170507943611546,21.0215646004481
0.12-56-0,0.12,56,0,105,422,262,1,0.170203261112352,21.9778388278388
0.12-60-0.85,0.12,60,0.85,57,253,148,1,0.254676258992806,12.0535714285714
0.12-60-0.8,0.12,60,0.8,77,345,209,1,0.205491585473871,10.5681818181818
0.12-60-0.75,0.12,60,0.75,97,405,248,1,0.180714285714286,17.2903780068729
0.12-60-0.7,0.12,60,0.7,101,416,257,1,0.174823582972911,19.2442574257426
0.12-60-0.65,0.12,60,0.65,106,427,265,1,0.170259568851738,21.203414195867
0.12-60-0.6,0.12,60,0.6,106,427,265,1,0.170259568851738,21.203414195867
0.12-60-0.5,0.12,60,0.5,106,427,265,1,0.170259568851738,21.203414195867
0.12-60-0.4,0.12,60,0.4,107,429,266,1,0.168885009818896,22.0259213542585
0.12-60-0.25,0.12,60,0.25,108,430,267,1,0.167532467532468,22.9794046382831
0.12-60-0,0.12,60,0,109,431,268,1,0.167206740116656,23.9372239211689
0.14-4-0.85,0.14,4,0.85,3,9,5,1,1,1
0.14-4-0.8,0.14,4,0.8,4,10,6,1,0.6,1.91666666666667
0.14-4-0,0.14,4,0,5,13,7,1,0.6,2.15
0.14-8-0,0.14,8,0,10,19,11,1,0.230769230769231,6.6
0.14-12-0.8,0.14,12,0.8,13,41,30,1,0.428571428571429,3.79487179487179
0.14-12-0.75,0.14,12,0.75,23,58,43,1,0.265822784810127,9.99802371541502
0.14-12-0.7,0.14,12,0.7,24,60,45,1,0.25,10.9094202898551
0.14-12-0,0.14,12,0,24,60,45,1,0.25,10.9094202898551
0.14-16-0.8,0.14,16,0.8,14,44,33,1,0.403361344537815,3.87362637362637
0.14-16-0.75,0.14,16,0.75,26,69,51,1,0.253378378378378,10.1938461538462
0.14-16-0.7,0.14,16,0.7,27,71,53,1,0.24,11.1068376068376
0.14-16-0,0.14,16,0,29,73,55,1,0.222857142857143,12.9790640394089
0.14-20-0.8,0.14,20,0.8,22,74,50,1,0.34375,7.2012987012987
0.14-20-0.75,0.14,20,0.75,30,87,58,1,0.256944444444444,11.6310344827586
0.14-20-0.7,0.14,20,0.7,31,89,60,1,0.244635193133047,12.5118279569892
0.14-20-0.4,0.14,20,0.4,33,91,62,1,0.23030303030303,14.3181818181818
0.14-20-0,0.14,20,0,34,92,63,1,0.223091976516634,15.229055258467
0.14-24-0.8,0.14,24,0.8,35,114,65,1,0.296482412060302,11.5117647058824
0.14-24-0.75,0.14,24,0.75,44,132,75,1,0.249388753056235,14.4059196617336
0.14-24-0.7,0.14,24,0.7,45,135,77,1,0.240825688073394,15.3217171717172
0.14-24-0.4,0.14,24,0.4,49,142,82,1,0.229278794402583,17.5505952380952
0.14-24-0,0.14,24,0,50,143,83,1,0.224446786090622,18.4995918367347
0.14-28-0.85,0.14,28,0.85,26,95,50,1,0.333333333333333,8.57692307692308
0.14-28-0.8,0.14,28,0.8,41,135,74,1,0.26860025220681,14.4036585365854
0.14-28-0.75,0.14,28,0.75,52,161,89,1,0.219512195121951,16.6870286576169
0.14-28-0.7,0.14,28,0.7,54,168,94,1,0.209772535804549,18.3172606568833
0.14-28-0.4,0.14,28,0.4,57,173,99,1,0.200796812749004,20.2600250626566
0.14-28-0,0.14,28,0,58,174,100,1,0.197028928850665,21.2041742286751
0.14-32-0.8,0.14,32,0.8,44,150,85,1,0.259105098855359,10.2024312896406
0.14-32-0.75,0.14,32,0.75,58,181,102,1,0.208888888888889,15.1170598911071
0.14-32-0.7,0.14,32,0.7,61,190,109,1,0.197395476353667,17.7387978142077
0.14-32-0.4,0.14,32,0.4,64,196,115,1,0.190414507772021,18.7485119047619
0.14-32-0,0.14,32,0,65,197,116,1,0.187141947803947,19.690625
0.14-36-0.8,0.14,36,0.8,48,171,98,1,0.237573715248526,10.2163120567376
0.14-36-0.75,0.14,36,0.75,62,202,115,1,0.196139476961395,15.1369645690111
0.14-36-0.7,0.14,36,0.7,65,211,122,1,0.186411149825784,17.7822115384615
0.14-36-0.4,0.14,36,0.4,68,217,128,1,0.18046357615894,18.790825285338
0.14-36-0,0.14,36,0,69,218,129,1,0.177717391304348,19.7361466325661
0.14-40-0.8,0.14,40,0.8,56,222,128,1,0.215789473684211,10.3113636363636
0.14-40-0.75,0.14,40,0.75,70,261,151,1,0.18531781557744,13.3540372670807
0.14-40-0.7,0.14,40,0.7,74,273,160,1,0.176617954070981,16.0979266938171
0.14-40-0.65,0.14,40,0.65,78,280,167,1,0.170984455958549,18.0457875457875
0.14-40-0.6,0.14,40,0.6,78,280,167,1,0.170984455958549,18.0457875457875
0.14-40-0.4,0.14,40,0.4,78,280,167,1,0.170984455958549,18.0457875457875
0.14-40-0,0.14,40,0,79,281,168,1,0.168964159117763,18.9949691658552
0.14-44-0.8,0.14,44,0.8,61,256,154,1,0.221897810218978,10.3568306010929
0.14-44-0.75,0.14,44,0.75,80,313,186,1,0.188504105676544,13.4599683544304
0.14-44-0.7,0.14,44,0.7,84,326,196,1,0.180843938379102,16.2251864601262
0.14-44-0.65,0.14,44,0.65,89,336,203,1,0.175112251443233,18.1979060265577
0.14-44-0.6,0.14,44,0.6,89,336,203,1,0.175112251443233,18.1979060265577
0.14-44-0.4,0.14,44,0.4,89,336,203,1,0.175112251443233,18.1979060265577
0.14-44-0,0.14,44,0,90,337,204,1,0.173333333333333,19.1516853932584
0.14-48-0.8,0.14,48,0.8,65,275,168,1,0.216695501730104,11.3334134615385
0.14-48-0.75,0.14,48,0.75,84,335,203,1,0.181644359464627,12.5513482501434
0.14-48-0.7,0.14,48,0.7,88,348,213,1,0.174827275458096,15.3335945663532
0.14-48-0.65,0.14,48,0.65,93,358,220,1,0.169745958429561,17.3017765310893
0.14-48-0.6,0.14,48,0.6,93,358,220,1,0.169745958429561,17.3017765310893
0.14-48-0.4,0.14,48,0.4,93,358,220,1,0.169745958429561,17.3017765310893
0.14-48-0,0.14,48,0,94,359,221,1,0.168144123534458,18.2564630519332
0.14-52-0.85,0.14,52,0.85,45,196,109,1,0.270524899057873,9.95656565656566
0.14-52-0.8,0.14,52,0.8,69,302,182,1,0.221621621621622,10.4030264279625
0.14-52-0.75,0.14,52,0.75,89,365,218,1,0.187550744248985,13.520684371808
0.14-52-0.7,0.14,52,0.7,93,379,229,1,0.180750574419198,16.3024777933614
0.14-52-0.65,0.14,52,0.65,98,390,237,1,0.175862068965517,18.2552072375342
0.14-52-0.6,0.14,52,0.6,98,390,237,1,0.175862068965517,18.2552072375342
0.14-52-0.4,0.14,52,0.4,98,390,237,1,0.175862068965517,18.2552072375342
0.14-52-0.25,0.14,52,0.25,99,391,238,1,0.174358974358974,19.2121212121212
0.14-52-0,0.14,52,0,100,392,239,1,0.174019010480136,20.1742424242424
0.14-56-0.85,0.14,56,0.85,52,221,124,1,0.251724137931034,11.0965309200603
0.14-56-0.8,0.14,56,0.8,73,322,194,1,0.21599203715992,11.3907914764079
0.14-56-0.75,0.14,56,0.75,93,385,233,1,0.184697238408918,15.4582748948107
0.14-56-0.7,0.14,56,0.7,97,399,244,1,0.17816091954023,18.2316365979381
0.14-56-0.65,0.14,56,0.65,102,410,252,1,0.173530772790375,20.1894777713065
0.14-56-0.6,0.14,56,0.6,102,410,252,1,0.173530772790375,20.1894777713065
0.14-56-0.4,0.14,56,0.4,102,410,252,1,0.173530772790375,20.1894777713065
0.14-56-0.25,0.14,56,0.25,103,411,253,1,0.172097292335934,21.1486769465068
0.14-56-0,0.14,56,0,104,412,254,1,0.171781951442968,22.1126773711725
0.14-60-0.85,0.14,60,0.85,59,256,143,1,0.245492371705964,12.0973115137347
0.14-60-0.8,0.14,60,0.8,78,345,205,1,0.210382513661202,11.458374958375
0.14-60-0.75,0.14,60,0.75,98,408,244,1,0.181198589894242,15.514517147065
0.14-60-0.7,0.14,60,0.7,103,423,256,1,0.174860956618465,19.2634684941938
0.14-60-0.65,0.14,60,0.65,108,436,266,1,0.1702859600086,21.2210972654898
0.14-60-0.6,0.14,60,0.6,108,436,266,1,0.1702859600086,21.2210972654898
0.14-60-0.4,0.14,60,0.4,108,436,266,1,0.1702859600086,21.2210972654898
0.14-60-0.25,0.14,60,0.25,109,437,267,1,0.168941979522184,22.1822120285423
0.14-60-0,0.14,60,0,110,438,268,1,0.168618266978923,23.1474562135113
0.16-4-0.85,0.16,4,0.85,4,12,6,1,0.75,1.25
0.16-4-0.8,0.16,4,0.8,5,13,7,1,0.6,2.15
0.16-4-0,0.16,4,0,5,13,7,1,0.6,2.15
0.16-8-0.7,0.16,8,0.7,9,18,11,1,0.285714285714286,5.66666666666667
0.16-8-0,0.16,8,0,10,19,11,1,0.230769230769231,6.6
0.16-12-0.8,0.16,12,0.8,15,46,33,1,0.387755102040816,4.7
0.16-12-0.75,0.16,12,0.75,22,57,43,1,0.282511210762332,9.08658008658009
0.16-12-0.7,0.16,12,0.7,23,59,45,1,0.265060240963855,9.9901185770751
0.16-12-0,0.16,12,0,24,60,45,1,0.25,10.9094202898551
0.16-16-0.8,0.16,16,0.8,17,54,41,1,0.355932203389831,4.8125
0.16-16-0.75,0.16,16,0.75,25,68,51,1,0.267857142857143,9.28166666666667
0.16-16-0.7,0.16,16,0.7,26,70,53,1,0.253246753246753,10.1876923076923
0.16-16-0,0.16,16,0,29,73,55,1,0.222857142857143,12.9790640394089
0.16-20-0.8,0.16,20,0.8,24,79,52,1,0.323076923076923,6.6195652173913
0.16-20-0.75,0.16,20,0.75,30,89,58,1,0.262068965517241,9.30574712643678
0.16-20-0.7,0.16,20,0.7,31,91,60,1,0.249466950959488,10.1645161290323
0.16-20-0.4,0.16,20,0.4,34,94,62,1,0.225433526011561,12.8226381461676
0.16-20-0,0.16,20,0,35,95,63,1,0.218691588785047,13.7235294117647
0.16-24-0.85,0.16,24,0.85,20,67,39,1,0.394463667820069,7.42631578947368
0.16-24-0.8,0.16,24,0.8,33,111,64,1,0.309278350515464,10.5549242424242
0.16-24-0.75,0.16,24,0.75,41,126,72,1,0.262059973924381,14.2310975609756
0.16-24-0.7,0.16,24,0.7,45,135,77,1,0.240825688073394,15.3217171717172
0.16-24-0.4,0.16,24,0.4,49,142,82,1,0.229278794402583,17.5505952380952
0.16-24-0,0.16,24,0,50,143,83,1,0.224446786090622,18.4995918367347
0.16-28-0.85,0.16,28,0.85,22,75,42,1,0.366847826086957,8.3961038961039
0.16-28-0.8,0.16,28,0.8,39,132,73,1,0.278350515463918,13.4574898785425
0.16-28-0.75,0.16,28,0.75,49,154,85,1,0.228789323164919,16.5518707482993
0.16-28-0.7,0.16,28,0.7,53,163,90,1,0.213733905579399,17.6295355587808
0.16-28-0.4,0.16,28,0.4,56,168,95,1,0.204545454545455,19.5899350649351
0.16-28-0,0.16,28,0,57,169,96,1,0.200636942675159,20.5444862155388
0.16-32-0.8,0.16,32,0.8,43,148,85,1,0.266666666666667,11.0442967884828
0.16-32-0.75,0.16,32,0.75,55,173,98,1,0.217798594847775,15.9350168350168
0.16-32-0.7,0.16,32,0.7,60,184,105,1,0.201398601398601,17.9344632768362
0.16-32-0.4,0.16,32,0.4,63,190,111,1,0.194187582562748,18.9511008704557
0.16-32-0,0.16,32,0,64,191,112,1,0.190785204412719,19.9045138888889
0.16-36-0.85,0.16,36,0.85,28,105,57,1,0.315286624203822,10.1428571428571
0.16-36-0.8,0.16,36,0.8,49,186,109,1,0.232142857142857,10.328656462585
0.16-36-0.75,0.16,36,0.75,61,214,124,1,0.194871794871795,14.301912568306
0.16-36-0.7,0.16,36,0.7,66,225,131,1,0.182622268470343,16.3107226107226
0.16-36-0.65,0.16,36,0.65,69,231,137,1,0.177083333333333,17.3209718670077
0.16-36-0.4,0.16,36,0.4,69,231,137,1,0.177083333333333,17.3209718670077
0.16-36-0,0.16,36,0,70,232,138,1,0.174572127139364,18.2875776397516
0.16-40-0.85,0.16,40,0.85,31,123,68,1,0.30718085106383,9.63655913978495
0.16-40-0.8,0.16,40,0.8,55,223,130,1,0.21875,10.3750841750842
0.16-40-0.75,0.16,40,0.75,68,258,149,1,0.186648501362398,13.4082528533802
0.16-40-0.7,0.16,40,0.7,73,270,157,1,0.176470588235294,15.4084855403349
0.16-40-0.65,0.16,40,0.65,78,280,164,1,0.170441001191895,17.4149184149184
0.16-40-0.6,0.16,40,0.6,78,280,164,1,0.170441001191895,17.4149184149184
0.16-40-0.4,0.16,40,0.4,78,280,164,1,0.170441001191895,17.4149184149184
0.16-40-0,0.16,40,0,79,281,165,1,0.168433451118963,18.3842908146706
0.16-44-0.85,0.16,44,0.85,36,152,88,1,0.294117647058824,9.73492063492063
0.16-44-0.8,0.16,44,0.8,60,255,154,1,0.22329627839536,10.4186440677966
0.16-44-0.75,0.16,44,0.75,78,308,183,1,0.188040345821326,12.5780885780886
0.16-44-0.7,0.16,44,0.7,83,323,194,1,0.179461615154536,14.5592124595945
0.16-44-0.65,0.16,44,0.65,88,333,201,1,0.173940745460338,16.5578631138976
0.16-44-0.6,0.16,44,0.6,88,333,201,1,0.173940745460338,16.5578631138976
0.16-44-0.4,0.16,44,0.4,88,333,201,1,0.173940745460338,16.5578631138976
0.16-44-0,0.16,44,0,89,334,202,1,0.172185430463576,17.5291113381001
0.16-48-0.85,0.16,48,0.85,39,166,97,1,0.279197080291971,9.83333333333333
0.16-48-0.8,0.16,48,0.8,64,273,167,1,0.217993079584775,11.4122023809524
0.16-48-0.75,0.16,48,0.75,83,331,202,1,0.183376455368693,12.6388480752277
0.16-48-0.7,0.16,48,0.7,86,341,208,1,0.17711503347535,14.5823529411765
0.16-48-0.65,0.16,48,0.65,91,351,215,1,0.171980111143609,16.5794871794872
0.16-48-0.6,0.16,48,0.6,91,351,215,1,0.171980111143609,16.5794871794872
0.16-48-0.4,0.16,48,0.4,91,351,215,1,0.171980111143609,16.5794871794872
0.16-48-0.25,0.16,48,0.25,92,352,216,1,0.170336037079954,17.5514811275681
0.16-48-0,0.16,48,0,93,353,217,1,0.169991326973114,18.5284011220196
0.16-52-0.85,0.16,52,0.85,44,194,112,1,0.281947261663286,9.92019027484144
0.16-52-0.8,0.16,52,0.8,68,300,181,1,0.223104693140794,10.4692712906058
0.16-52-0.75,0.16,52,0.75,88,361,217,1,0.18940433708482,12.6584378265413
0.16-52-0.7,0.16,52,0.7,91,371,223,1,0.183259682869769,14.6039072039072
0.16-52-0.65,0.16,52,0.65,96,382,231,1,0.178284854563691,16.5809210526316
0.16-52-0.6,0.16,52,0.6,96,382,231,1,0.178284854563691,16.5809210526316
0.16-52-0.4,0.16,52,0.4,96,382,231,1,0.178284854563691,16.5809210526316
0.16-52-0.25,0.16,52,0.25,97,383,232,1,0.176733780760626,17.5538015463918
0.16-52-0,0.16,52,0,98,384,233,1,0.17638303150583,18.5317694087944
0.16-56-0.85,0.16,56,0.85,49,221,130,1,0.273494653911086,10.9047619047619
0.16-56-0.8,0.16,56,0.8,73,320,191,1,0.214001327140013,11.5064687975647
0.16-56-0.75,0.16,56,0.75,93,384,232,1,0.183720336820618,14.6367461430575
0.16-56-0.7,0.16,56,0.7,97,395,239,1,0.177707930367505,17.5675472508591
0.16-56-0.65,0.16,56,0.65,102,406,247,1,0.173090399439383,19.5475635798874
0.16-56-0.6,0.16,56,0.6,102,406,247,1,0.173090399439383,19.5475635798874
0.16-56-0.4,0.16,56,0.4,102,406,247,1,0.173090399439383,19.5475635798874
0.16-56-0.25,0.16,56,0.25,103,407,248,1,0.171646977067408,20.5222729868646
0.16-56-0,0.16,56,0,104,408,249,1,0.17128987517337,21.501213592233
0.16-60-0.85,0.16,60,0.85,52,234,136,1,0.265842349304482,10.9649321266968
0.16-60-0.8,0.16,60,0.8,82,357,212,1,0.206990057246158,11.7285456187895
0.16-60-0.75,0.16,60,0.75,102,421,253,1,0.179041353383459,14.8155697922733
0.16-60-0.7,0.16,60,0.7,106,432,260,1,0.173476222371065,17.7448337825696
0.16-60-0.65,0.16,60,0.65,111,445,270,1,0.169004964385927,19.7162162162162
0.16-60-0.6,0.16,60,0.6,111,445,270,1,0.169004964385927,19.7162162162162
0.16-60-0.45,0.16,60,0.45,111,445,270,1,0.169004964385927,19.7162162162162
0.16-60-0.4,0.16,60,0.4,112,447,270,1,0.168387096774194,20.6856499356499
0.16-60-0.35,0.16,60,0.35,113,448,271,1,0.167057819500747,21.6607932996207
0.16-60-0.25,0.16,60,0.25,113,448,271,1,0.167057819500747,21.6607932996207
0.16-60-0,0.16,60,0,114,449,272,1,0.166737649063032,22.6395746002174
0.18-4-0.85,0.18,4,0.85,4,12,6,1,0.75,1.25
0.18-4-0.8,0.18,4,0.8,5,13,7,1,0.6,2.15
0.18-4-0,0.18,4,0,6,14,8,1,0.461538461538462,3
0.18-8-0.75,0.18,8,0.75,9,18,11,1,0.285714285714286,5.66666666666667
0.18-8-0,0.18,8,0,10,19,11,1,0.230769230769231,6.6
0.18-12-0.8,0.18,12,0.8,16,47,34,1,0.401408450704225,6.38333333333333
0.18-12-0.75,0.18,12,0.75,20,54,40,1,0.315,8.37894736842105
0.18-12-0.7,0.18,12,0.7,23,59,44,1,0.265060240963855,10.3122529644269
0.18-12-0,0.18,12,0,23,59,44,1,0.265060240963855,10.3122529644269
0.18-16-0.8,0.18,16,0.8,18,55,42,1,0.366279069767442,6.51633986928105
0.18-16-0.75,0.18,16,0.75,23,65,48,1,0.294117647058824,8.55138339920949
0.18-16-0.7,0.18,16,0.7,26,70,52,1,0.253246753246753,10.4738461538462
0.18-16-0.4,0.18,16,0.4,28,72,54,1,0.234234234234234,12.3835978835979
0.18-16-0,0.18,16,0,29,73,55,1,0.22478386167147,13.3423645320197
0.18-20-0.8,0.18,20,0.8,24,78,52,1,0.316770186335404,8.08695652173913
0.18-20-0.75,0.18,20,0.75,28,85,55,1,0.276807980049875,10.0026455026455
0.18-20-0.7,0.18,20,0.7,31,90,59,1,0.244635193133047,11.8655913978495
0.18-20-0.4,0.18,20,0.4,33,92,61,1,0.23030303030303,13.7092803030303
0.18-20-0,0.18,20,0,34,93,62,1,0.223091976516634,14.6372549019608
0.18-24-0.8,0.18,24,0.8,31,107,64,1,0.309982486865149,10.3827956989247
0.18-24-0.75,0.18,24,0.75,41,126,74,1,0.260183968462549,15.6475609756098
0.18-24-0.7,0.18,24,0.7,44,133,76,1,0.245260663507109,16.3393234672304
0.18-24-0.4,0.18,24,0.4,48,140,81,1,0.2330743618202,18.646719858156
0.18-24-0,0.18,24,0,49,141,82,1,0.228013029315961,19.6122448979592
0.18-28-0.8,0.18,28,0.8,39,137,79,1,0.266666666666667,11.7098515519568
0.18-28-0.75,0.18,28,0.75,51,164,94,1,0.220588235294118,13.7796078431373
0.18-28-0.7,0.18,28,0.7,54,171,96,1,0.211031175059952,14.2847658979734
0.18-28-0.4,0.18,28,0.4,57,177,102,1,0.203007518796992,15.3013784461153
0.18-28-0,0.18,28,0,58,178,103,1,0.199261992619926,16.2607380520266
0.18-32-0.8,0.18,32,0.8,40,142,83,1,0.267682263329706,11.7288461538462
0.18-32-0.75,0.18,32,0.75,54,172,99,1,0.216981132075472,15.667714884696
0.18-32-0.7,0.18,32,0.7,58,181,103,1,0.204301075268817,17.1793708408953
0.18-32-0.4,0.18,32,0.4,61,187,109,1,0.196754563894523,18.2005464480874
0.18-32-0,0.18,32,0,62,188,110,1,0.193227091633466,19.1641988365944
0.18-36-0.8,0.18,36,0.8,47,185,111,1,0.23059866962306,11.1193339500463
0.18-36-0.75,0.18,36,0.75,61,217,128,1,0.192134831460674,14.8426229508197
0.18-36-0.7,0.18,36,0.7,66,227,133,1,0.181865284974093,17.2428904428904
0.18-36-0.65,0.18,36,0.65,70,235,141,1,0.173913043478261,18.2774327122153
0.18-36-0.4,0.18,36,0.4,70,235,141,1,0.173913043478261,18.2774327122153
0.18-36-0,0.18,36,0,71,236,142,1,0.171510242972844,19.2450704225352
0.18-40-0.8,0.18,40,0.8,51,214,126,1,0.223692122669874,11.1427450980392
0.18-40-0.75,0.18,40,0.75,66,252,147,1,0.189695550351288,13.9918414918415
0.18-40-0.7,0.18,40,0.7,72,266,154,1,0.179277730008598,15.4035602503912
0.18-40-0.65,0.18,40,0.65,79,281,164,1,0.16877971473851,17.440441415125
0.18-40-0.6,0.18,40,0.6,79,281,164,1,0.16877971473851,17.440441415125
0.18-40-0.4,0.18,40,0.4,79,281,164,1,0.16877971473851,17.440441415125
0.18-40-0,0.18,40,0,80,282,165,1,0.166797180892717,18.4096518987342
0.18-44-0.85,0.18,44,0.85,36,152,88,1,0.286604361370716,9.75555555555556
0.18-44-0.8,0.18,44,0.8,57,249,151,1,0.22700296735905,9.39880952380952
0.18-44-0.75,0.18,44,0.75,75,301,182,1,0.193008553365563,12.5363963963964
0.18-44-0.7,0.18,44,0.7,81,316,190,1,0.183694530443756,15.4975308641975
0.18-44-0.65,0.18,44,0.65,88,331,200,1,0.173704414587332,17.5231191222571
0.18-44-0.6,0.18,44,0.6,88,331,200,1,0.173704414587332,17.5231191222571
0.18-44-0.4,0.18,44,0.4,88,331,200,1,0.173704414587332,17.5231191222571
0.18-44-0,0.18,44,0,89,332,201,1,0.171944268524383,18.4946373850868
0.18-48-0.85,0.18,48,0.85,40,170,99,1,0.266490765171504,9.87948717948718
0.18-48-0.8,0.18,48,0.8,62,270,165,1,0.219101123595506,10.4127445795875
0.18-48-0.75,0.18,48,0.75,79,322,197,1,0.188434695912263,12.5744888023369
0.18-48-0.7,0.18,48,0.7,85,337,205,1,0.17962962962963,15.5352941176471
0.18-48-0.65,0.18,48,0.65,92,352,215,1,0.170464378425151,17.5561395126613
0.18-48-0.6,0.18,48,0.6,92,352,215,1,0.170464378425151,17.5561395126613
0.18-48-0.4,0.18,48,0.4,92,352,215,1,0.170464378425151,17.5561395126613
0.18-48-0.3,0.18,48,0.3,93,353,216,1,0.168857142857143,18.528517999065
0.18-48-0,0.18,48,0,94,354,217,1,0.168472063854048,19.5054907343857
0.18-52-0.85,0.18,52,0.85,48,219,129,1,0.273198847262248,9.97695035460993
0.18-52-0.8,0.18,52,0.8,69,312,190,1,0.218386876281613,10.4771952259165
0.18-52-0.75,0.18,52,0.75,86,365,221,1,0.192539769610532,13.593023255814
0.18-52-0.7,0.18,52,0.7,93,381,230,1,0.18408215661104,17.5382187938289
0.18-52-0.65,0.18,52,0.65,100,397,241,1,0.175489485134155,19.5387878787879
0.18-52-0.6,0.18,52,0.6,100,397,241,1,0.175489485134155,19.5387878787879
0.18-52-0.55,0.18,52,0.55,100,397,241,1,0.175489485134155,19.5387878787879
0.18-52-0.4,0.18,52,0.4,100,397,241,1,0.175489485134155,19.5387878787879
0.18-52-0.3,0.18,52,0.3,101,398,242,1,0.174017257909875,20.5129702970297
0.18-52-0,0.18,52,0,102,399,243,1,0.17364266921789,21.4915550378567
0.18-56-0.85,0.18,56,0.85,48,219,129,1,0.273198847262248,9.97695035460993
0.18-56-0.8,0.18,56,0.8,71,320,194,1,0.214566929133858,10.4979879275654
0.18-56-0.75,0.18,56,0.75,88,372,226,1,0.189490445859873,14.5675287356322
0.18-56-0.7,0.18,56,0.7,95,388,235,1,0.181253107906514,18.5154535274356
0.18-56-0.65,0.18,56,0.65,102,404,246,1,0.172955237872041,20.5176664725296
0.18-56-0.6,0.18,56,0.6,102,404,246,1,0.172955237872041,20.5176664725296
0.18-56-0.55,0.18,56,0.55,102,404,246,1,0.172955237872041,20.5176664725296
0.18-56-0.4,0.18,56,0.4,102,404,246,1,0.172955237872041,20.5176664725296
0.18-56-0.3,0.18,56,0.3,103,405,247,1,0.171508250058099,21.4925756710451
0.18-56-0,0.18,56,0,104,406,248,1,0.171150278293135,22.471713965646
0.18-60-0.85,0.18,60,0.85,52,239,139,1,0.261392088132198,10.038838612368
0.18-60-0.8,0.18,60,0.8,81,362,220,1,0.205395996518712,10.733950617284
0.18-60-0.75,0.18,60,0.75,98,414,252,1,0.18277010947168,14.7630969913739
0.18-60-0.7,0.18,60,0.7,105,430,261,1,0.175363941769317,18.7027472527473
0.18-60-0.65,0.18,60,0.65,112,448,274,1,0.167654530059272,20.6916827541828
0.18-60-0.6,0.18,60,0.6,112,448,274,1,0.167654530059272,20.6916827541828
0.18-60-0.55,0.18,60,0.55,112,448,274,1,0.167654530059272,20.6916827541828
0.18-60-0.45,0.18,60,0.45,112,448,274,1,0.167654530059272,20.6916827541828
0.18-60-0.4,0.18,60,0.4,113,450,274,1,0.167053364269142,21.6615044247788
0.18-60-0.35,0.18,60,0.35,114,451,275,1,0.165759732105483,22.6370128861978
0.18-60-0.3,0.18,60,0.3,114,451,275,1,0.165759732105483,22.6370128861978
0.18-60-0,0.18,60,0,115,452,276,1,0.165448088573219,23.6160945842868
0.2-4-0.85,0.2,4,0.85,4,12,6,1,0.75,1.25
0.2-4-0.8,0.2,4,0.8,5,13,7,1,0.6,2.15
0.2-4-0,0.2,4,0,6,14,8,1,0.461538461538462,3
0.2-8-0.7,0.2,8,0.7,9,18,11,1,0.285714285714286,5.66666666666667
0.2-8-0,0.2,8,0,11,21,11,1,0.206896551724138,6.78181818181818
0.2-12-0.8,0.2,12,0.8,12,39,28,1,0.459459459459459,3.66666666666667
0.2-12-0.75,0.2,12,0.75,19,51,39,1,0.315789473684211,8.2953216374269
0.2-12-0.7,0.2,12,0.7,21,55,43,1,0.28,9.29047619047619
0.2-12-0,0.2,12,0,23,58,43,1,0.25609756097561,10.3142292490119
0.2-16-0.8,0.2,16,0.8,17,55,39,1,0.368421052631579,5.61029411764706
0.2-16-0.75,0.2,16,0.75,23,67,47,1,0.283636363636364,8.50592885375494
0.2-16-0.7,0.2,16,0.7,25,71,51,1,0.257142857142857,9.48833333333333
0.2-16-0.4,0.2,16,0.4,29,76,53,1,0.220708446866485,12.4039408866995
0.2-16-0,0.2,16,0,30,77,54,1,0.212041884816754,13.3632183908046
0.2-20-0.8,0.2,20,0.8,22,73,49,1,0.331034482758621,7.18181818181818
0.2-20-0.75,0.2,20,0.75,27,82,54,1,0.277634961439589,9.92877492877493
0.2-20-0.7,0.2,20,0.7,29,86,58,1,0.255760368663594,10.8866995073892
0.2-20-0.4,0.2,20,0.4,33,91,60,1,0.226069246435845,13.7121212121212
0.2-20-0,0.2,20,0,34,92,61,1,0.218934911242604,14.6399286987522
0.2-24-0.8,0.2,24,0.8,30,104,62,1,0.313513513513514,10.3563218390805
0.2-24-0.75,0.2,24,0.75,39,122,71,1,0.264352469959947,15.1788124156545
0.2-24-0.7,0.2,24,0.7,40,125,73,1,0.254681647940075,16.1166666666667
0.2-24-0.4,0.2,24,0.4,48,140,81,1,0.228260869565217,18.6600177304965
0.2-24-0,0.2,24,0,49,141,82,1,0.223166843783209,19.625425170068
0.2-28-0.8,0.2,28,0.8,37,132,76,1,0.27239263803681,10.734984984985
0.2-28-0.75,0.2,28,0.75,49,160,92,1,0.221441124780316,13.1892006802721
0.2-28-0.7,0.2,28,0.7,50,163,94,1,0.215179316096747,14.1391836734694
0.2-28-0.4,0.2,28,0.4,57,177,103,1,0.198365527488856,15.2941729323308
0.2-28-0,0.2,28,0,58,178,104,1,0.194606413994169,16.2537810042347
0.2-32-0.8,0.2,32,0.8,39,143,85,1,0.267100977198697,10.780701754386
0.2-32-0.75,0.2,32,0.75,53,174,102,1,0.213957055214724,15.1353410740203
0.2-32-0.7,0.2,32,0.7,54,177,104,1,0.2081811541271,16.0897973445143
0.2-32-0.65,0.2,32,0.65,61,191,113,1,0.193166885676741,17.2401639344262
0.2-32-0.4,0.2,32,0.4,61,191,113,1,0.193166885676741,17.2401639344262
0.2-32-0,0.2,32,0,62,192,114,1,0.189799870884442,18.2033315705976
0.2-36-0.8,0.2,36,0.8,45,179,107,1,0.235929067077872,10.1414141414141
0.2-36-0.75,0.2,36,0.75,60,215,126,1,0.191742081447964,14.2432203389831
0.2-36-0.7,0.2,36,0.7,62,219,129,1,0.186385737439222,16.1795346377578
0.2-36-0.65,0.2,36,0.65,69,233,140,1,0.173469387755102,17.3058397271952
0.2-36-0.4,0.2,36,0.4,69,233,140,1,0.173469387755102,17.3058397271952
0.2-36-0,0.2,36,0,70,234,141,1,0.171058936272161,18.2726708074534
0.2-40-0.8,0.2,40,0.8,50,209,123,1,0.226168224299065,10.2228571428571
0.2-40-0.75,0.2,40,0.75,68,256,149,1,0.187845303867403,13.4405179982441
0.2-40-0.7,0.2,40,0.7,71,263,153,1,0.182016586643387,15.39476861167
0.2-40-0.65,0.2,40,0.65,80,282,165,1,0.168433451118963,17.4778481012658
0.2-40-0.6,0.2,40,0.6,80,282,165,1,0.168433451118963,17.4778481012658
0.2-40-0.55,0.2,40,0.55,80,282,165,1,0.168433451118963,17.4778481012658
0.2-40-0.4,0.2,40,0.4,80,282,165,1,0.168433451118963,17.4778481012658
0.2-40-0,0.2,40,0,81,283,166,1,0.166472642607683,18.4469135802469
0.2-44-0.85,0.2,44,0.85,37,155,89,1,0.282282282282282,9.79279279279279
0.2-44-0.8,0.2,44,0.8,57,249,151,1,0.225146198830409,8.45050125313283
0.2-44-0.75,0.2,44,0.75,76,303,181,1,0.190302588406854,13.4933333333333
0.2-44-0.7,0.2,44,0.7,80,313,188,1,0.182814104758644,15.4599683544304
0.2-44-0.65,0.2,44,0.65,88,331,199,1,0.172348484848485,17.5121473354232
0.2-44-0.6,0.2,44,0.6,88,331,199,1,0.172348484848485,17.5121473354232
0.2-44-0.55,0.2,44,0.55,88,331,199,1,0.172348484848485,17.5121473354232
0.2-44-0.4,0.2,44,0.4,88,331,199,1,0.172348484848485,17.5121473354232
0.2-44-0.3,0.2,44,0.3,89,332,200,1,0.170625,18.483784473953
0.2-44-0,0.2,44,0,90,333,201,1,0.170252572497661,19.460049937578
0.2-48-0.85,0.2,48,0.85,41,175,104,1,0.260759493670886,9.90609756097561
0.2-48-0.8,0.2,48,0.8,64,283,177,1,0.21340964840556,10.4322916666667
0.2-48-0.75,0.2,48,0.75,82,336,207,1,0.183227848101266,14.5126467931346
0.2-48-0.7,0.2,48,0.7,85,343,211,1,0.178343949044586,16.4724089635854
0.2-48-0.65,0.2,48,0.65,93,361,222,1,0.16849199663016,18.5169471715755
0.2-48-0.6,0.2,48,0.6,93,361,222,1,0.16849199663016,18.5169471715755
0.2-48-0.55,0.2,48,0.55,93,361,222,1,0.16849199663016,18.5169471715755
0.2-48-0.4,0.2,48,0.4,93,361,222,1,0.16849199663016,18.5169471715755
0.2-48-0.3,0.2,48,0.3,94,362,223,1,0.1669449081803,19.4900480439259
0.2-48-0,0.2,48,0,95,363,224,1,0.166620383226881,20.4675251959686
0.2-52-0.85,0.2,52,0.85,48,219,129,1,0.273198847262248,9.97695035460993
0.2-52-0.8,0.2,52,0.8,68,311,191,1,0.21923474663909,9.51097453906936
0.2-52-0.75,0.2,52,0.75,87,367,222,1,0.189986468200271,14.5541299117883
0.2-52-0.7,0.2,52,0.7,91,375,227,1,0.185108044780005,17.4980463980464
0.2-52-0.65,0.2,52,0.65,99,394,239,1,0.175528040786599,19.520202020202
0.2-52-0.6,0.2,52,0.6,99,394,239,1,0.175528040786599,19.520202020202
0.2-52-0.55,0.2,52,0.55,99,394,239,1,0.175528040786599,19.520202020202
0.2-52-0.4,0.2,52,0.4,99,394,239,1,0.175528040786599,19.520202020202
0.2-52-0.3,0.2,52,0.3,100,395,240,1,0.174049109292248,20.4943434343434
0.2-52-0,0.2,52,0,101,396,241,1,0.173714560307544,21.4728712871287
0.2-56-0.85,0.2,56,0.85,49,222,132,1,0.269380925822644,9.99872448979592
0.2-56-0.8,0.2,56,0.8,74,330,202,1,0.209457315138051,9.64476119955572
0.2-56-0.75,0.2,56,0.75,94,388,236,1,0.182483594144372,15.662319835278
0.2-56-0.7,0.2,56,0.7,98,396,241,1,0.178015564202335,18.6048811277088
0.2-56-0.65,0.2,56,0.65,106,415,253,1,0.16920627700705,20.6182389937107
0.2-56-0.6,0.2,56,0.6,106,415,253,1,0.16920627700705,20.6182389937107
0.2-56-0.55,0.2,56,0.55,106,415,253,1,0.16920627700705,20.6182389937107
0.2-56-0.4,0.2,56,0.4,106,415,253,1,0.16920627700705,20.6182389937107
0.2-56-0.3,0.2,56,0.3,107,416,254,1,0.167832167832168,21.5926644330806
0.2-56-0,0.2,56,0,108,417,255,1,0.167529835622608,22.5709588092766
0.2-60-0.85,0.2,60,0.85,53,242,143,1,0.256422924901186,10.0656748911466
0.2-60-0.8,0.2,60,0.8,81,366,224,1,0.203214695752009,9.77283950617284
0.2-60-0.75,0.2,60,0.75,100,421,256,1,0.178554886521538,15.7292929292929
0.2-60-0.7,0.2,60,0.7,104,429,261,1,0.174418604651163,18.6727035100822
0.2-60-0.65,0.2,60,0.65,112,450,275,1,0.165968147527242,20.6802606177606
0.2-60-0.6,0.2,60,0.6,112,450,275,1,0.165968147527242,20.6802606177606
0.2-60-0.55,0.2,60,0.55,112,450,275,1,0.165968147527242,20.6802606177606
0.2-60-0.45,0.2,60,0.45,112,450,275,1,0.165968147527242,20.6802606177606
0.2-60-0.4,0.2,60,0.4,114,456,276,1,0.165359207266722,21.6530818195932
0.2-60-0.35,0.2,60,0.35,115,457,277,1,0.164105716041795,22.6289092295957
0.2-60-0.3,0.2,60,0.3,115,457,277,1,0.164105716041795,22.6289092295957
0.2-60-0.1,0.2,60,0.1,116,458,278,1,0.163837185518511,23.6082458770615
0.2-60-0.05,0.2,60,0.05,116,458,278,1,0.163837185518511,23.6082458770615
0.2-60-0,0.2,60,0,116,458,278,1,0.163837185518511,23.6082458770615
